attempt_id,question_id,board,standard,chapter,topic,subtopic,difficulty,question,correct_solution,student_working,final_answer,answer_correct,reasoning_correct,error_step,error_type,misconception_id,misconception_name,evidence,diagnosis_confidence,intervention_type,intervention,reassessment_id,transfer_id,resolution_status
AT-0001,Q10-QE-001,Maharashtra State Board (SSC),10,Quadratic Equations,Introduction,Identify a quadratic equation,Easy,Which of the following is a quadratic equation?,A quadratic equation has degree 2; x² - 5x + 6 = 0 has degree 2.,A quadratic equation has degree 2; x² - 5x + 6 = 0 has degree 2.,x² - 5x + 6 = 0,True,True,,,,,,High,,,,,resolved
AT-0002,Q10-QE-002,Maharashtra State Board (SSC),10,Quadratic Equations,Standard form,Identify coefficients,Easy,"For 3x² - 7x + 2 = 0, find a, b and c.",Compare with ax² + bx + c = 0.,Compare with ax² + bx + c = 0.,"a=3, b=-7, c=2",True,True,,,,,,High,,,,,resolved
AT-0003,Q10-QE-003,Maharashtra State Board (SSC),10,Quadratic Equations,Factorisation method,Solve by factorisation,Easy,Solve x² - 5x + 6 = 0.,"x² - 5x + 6 = (x-2)(x-3)=0, so x=2 or 3.","x² - 5x + 6 = (x-2)(x-3)=0, so x=2 or 3.","x=2, 3",True,True,,,,,,High,,,,,resolved
AT-0004,Q10-QE-004,Maharashtra State Board (SSC),10,Quadratic Equations,Factorisation method,Solve with negative roots,Medium,Solve x² + 7x + 12 = 0.,"x²+7x+12=(x+3)(x+4)=0, so x=-3 or -4.","x²+7x+12=(x+3)(x+4)=0, so x=-3 or -4.","x=-3, -4",True,True,,,,,,High,,,,,resolved
AT-0005,Q10-QE-005,Maharashtra State Board (SSC),10,Quadratic Equations,Quadratic formula,Apply formula,Medium,Solve 2x² - 7x + 3 = 0 using the quadratic formula.,"x=(7±√(49-24))/4=(7±5)/4, giving x=3 and 1/2.","x=(7±√(49-24))/4=(7±5)/4, giving x=3 and 1/2.","x=3, 1/2",True,True,,,,,,High,,,,,resolved
AT-0006,Q10-QE-006,Maharashtra State Board (SSC),10,Quadratic Equations,Discriminant,Calculate discriminant,Easy,Find the discriminant of 2x² + 3x - 2 = 0.,D=b²-4ac=9-4(2)(-2)=25.,D=b²-4ac=9-4(2)(-2)=25.,25,True,True,,,,,,High,,,,,resolved
AT-0007,Q10-QE-007,Maharashtra State Board (SSC),10,Quadratic Equations,Nature of roots,Interpret discriminant,Medium,Determine the nature of roots of 3x² - 4x + 2 = 0.,"D=(-4)²-4(3)(2)=16-24=-8<0, so there are no real roots.","D=(-4)²-4(3)(2)=16-24=-8<0, so there are no real roots.",No real roots,True,True,,,,,,High,,,,,resolved
AT-0008,Q10-QE-008,Maharashtra State Board (SSC),10,Quadratic Equations,Nature of roots,Equal roots,Medium,Find the value of k if x² + kx + 9 = 0 has equal roots.,"Equal roots require D=0: k²-36=0, so k=±6.","Equal roots require D=0: k²-36=0, so k=±6.",k=±6,True,True,,,,,,High,,,,,resolved
AT-0009,Q10-QE-009,Maharashtra State Board (SSC),10,Quadratic Equations,Relation between roots and coefficients,Find sum of roots,Easy,"For 2x² - 9x + 4 = 0, find the sum of the roots without solving the equation.",Sum of roots = -b/a = -(-9)/2 = 9/2.,Sum of roots = -b/a = -(-9)/2 = 9/2.,9/2,True,True,,,,,,High,,,,,resolved
AT-0010,Q10-QE-010,Maharashtra State Board (SSC),10,Quadratic Equations,Relation between roots and coefficients,Find product of roots,Easy,"For 3x² + 5x - 2 = 0, find the product of the roots.",Product of roots = c/a = -2/3.,Product of roots = c/a = -2/3.,-2/3,True,True,,,,,,High,,,,,resolved
AT-0011,Q10-QE-011,Maharashtra State Board (SSC),10,Quadratic Equations,Forming quadratic equation,Form equation from roots,Medium,Form the quadratic equation whose roots are 2 and -5.,Equation is x²-(sum)x+(product)=0 = x²-(-3)x-10=0.,Equation is x²-(sum)x+(product)=0 = x²-(-3)x-10=0.,x²+3x-10=0,True,True,,,,,,High,,,,,resolved
AT-0012,Q10-QE-012,Maharashtra State Board (SSC),10,Quadratic Equations,Equations reducible to quadratic form,Substitute variable expression,Medium,Solve x⁴ - 5x² + 4 = 0.,"Let y=x². Then y²-5y+4=0, so y=1 or 4; hence x=±1, ±2.","Let y=x². Then y²-5y+4=0, so y=1 or 4; hence x=±1, ±2.","x=±1, ±2",True,True,,,,,,High,,,,,resolved
AT-0013,Q10-QE-013,Maharashtra State Board (SSC),10,Quadratic Equations,Word problems,Translate to quadratic equation,Hard,The product of two consecutive positive integers is 56. Find the integers.,"Let the integers be x and x+1. x(x+1)=56 gives x²+x-56=0=(x-7)(x+8), so x=7.","Let the integers be x and x+1. x(x+1)=56 gives x²+x-56=0=(x-7)(x+8), so x=7.",7 and 8,True,True,,,,,,High,,,,,resolved
AT-0014,Q10-QE-014,Maharashtra State Board (SSC),10,Quadratic Equations,Verification,Verify roots,Easy,Verify that 2 and 3 are roots of x² - 5x + 6 = 0.,Substitution gives 4-10+6=0 and 9-15+6=0.,Substitution gives 4-10+6=0 and 9-15+6=0.,Both satisfy the equation,True,True,,,,,,High,,,,,resolved
AT-0015,Q10-QE-015,Maharashtra State Board (SSC),10,Quadratic Equations,Mixed reasoning,Choose method,Medium,"For x² - 16 = 0, which method gives the simplest solution and why?","x²-16=(x-4)(x+4), so factorisation directly gives x=±4.","x²-16=(x-4)(x+4), so factorisation directly gives x=±4.",Factorisation,True,True,,,,,,High,,,,,resolved
AT-0016,Q9-FAC-001,Maharashtra State Board (SSC),9,Algebraic Expressions,Factorisation,Common factor,Easy,Factorise 6x + 12.,The greatest common factor is 6: 6x+12=6(x+2).,The greatest common factor is 6: 6x+12=6(x+2).,6(x+2),True,True,,,,,,High,,,,,resolved
AT-0017,Q9-FAC-002,Maharashtra State Board (SSC),9,Algebraic Expressions,Factorisation,Common factor with variables,Easy,Factorise 8x² + 12x.,The common factor is 4x.,The common factor is 4x.,4x(2x+3),True,True,,,,,,High,,,,,resolved
AT-0018,Q9-FAC-003,Maharashtra State Board (SSC),9,Algebraic Expressions,Factorisation,Difference of squares,Easy,Factorise x² - 25.,Use a²-b²=(a-b)(a+b).,Use a²-b²=(a-b)(a+b).,(x-5)(x+5),True,True,,,,,,High,,,,,resolved
AT-0019,Q9-FAC-004,Maharashtra State Board (SSC),9,Algebraic Expressions,Factorisation,Difference of squares,Medium,Factorise 9x² - 16.,9x²-16=(3x)²-4².,9x²-16=(3x)²-4².,(3x-4)(3x+4),True,True,,,,,,High,,,,,resolved
AT-0020,Q9-FAC-005,Maharashtra State Board (SSC),9,Algebraic Expressions,Factorisation,Perfect square identity,Medium,Factorise x² + 6x + 9.,Use a²+2ab+b²=(a+b)².,Use a²+2ab+b²=(a+b)².,(x+3)²,True,True,,,,,,High,,,,,resolved
AT-0021,Q9-FAC-006,Maharashtra State Board (SSC),9,Algebraic Expressions,Factorisation,Perfect square identity,Medium,Factorise 4x² - 12x + 9.,Use a²-2ab+b²=(a-b)².,Use a²-2ab+b²=(a-b)².,(2x-3)²,True,True,,,,,,High,,,,,resolved
AT-0022,Q9-FAC-007,Maharashtra State Board (SSC),9,Algebraic Expressions,Factorisation,Splitting middle term,Medium,Factorise x² + 7x + 12.,Find two numbers with product 12 and sum 7.,Find two numbers with product 12 and sum 7.,(x+3)(x+4),True,True,,,,,,High,,,,,resolved
AT-0023,Q9-FAC-008,Maharashtra State Board (SSC),9,Algebraic Expressions,Factorisation,Splitting middle term,Medium,Factorise x² - x - 12.,Find two numbers with product -12 and sum -1.,Find two numbers with product -12 and sum -1.,(x-4)(x+3),True,True,,,,,,High,,,,,resolved
AT-0024,Q9-FAC-009,Maharashtra State Board (SSC),9,Algebraic Expressions,Factorisation,Grouping,Medium,Factorise ax + ay + bx + by.,Group a(x+y)+b(x+y).,Group a(x+y)+b(x+y).,(a+b)(x+y),True,True,,,,,,High,,,,,resolved
AT-0025,Q9-FAC-010,Maharashtra State Board (SSC),9,Algebraic Expressions,Factorisation,Factor theorem connection,Medium,"If p(x)=x²-5x+6, check whether x-2 is a factor.","p(2)=4-10+6=0, so x-2 is a factor.","p(2)=4-10+6=0, so x-2 is a factor.",Yes,True,True,,,,,,High,,,,,resolved
AT-0026,Q9-FAC-011,Maharashtra State Board (SSC),9,Algebraic Expressions,Factorisation,Factor theorem connection,Medium,"If p(x)=2x²+3x-2, check whether x+2 is a factor.","p(-2)=8-6-2=0, so x+2 is a factor.","p(-2)=8-6-2=0, so x+2 is a factor.",Yes,True,True,,,,,,High,,,,,resolved
AT-0027,Q9-FAC-012,Maharashtra State Board (SSC),9,Algebraic Expressions,Factorisation,Mixed factorisation,Hard,Factorise 2x² + 7x + 3.,Split 7x as 6x+x: 2x²+6x+x+3=(2x+1)(x+3).,Split 7x as 6x+x: 2x²+6x+x+3=(2x+1)(x+3).,(2x+1)(x+3),True,True,,,,,,High,,,,,resolved
AT-0028,Q9-FAC-013,Maharashtra State Board (SSC),9,Algebraic Expressions,Factorisation,Mixed factorisation,Hard,Factorise 3x² - 11x - 4.,Split -11x as -12x+x: 3x²-12x+x-4=(3x+1)(x-4).,Split -11x as -12x+x: 3x²-12x+x-4=(3x+1)(x-4).,(3x+1)(x-4),True,True,,,,,,High,,,,,resolved
AT-0029,Q9-FAC-014,Maharashtra State Board (SSC),9,Algebraic Expressions,Factorisation,Verification,Easy,Verify that (x+2)(x+3)=x²+5x+6.,Multiply: x²+3x+2x+6=x²+5x+6.,Multiply: x²+3x+2x+6=x²+5x+6.,Expansion gives x²+5x+6,True,True,,,,,,High,,,,,resolved
AT-0030,Q9-FAC-015,Maharashtra State Board (SSC),9,Algebraic Expressions,Factorisation,Reasoning,Medium,Which identity is most directly useful for factorising x²-10x+25?,x²-10x+25=x²-2(x)(5)+5²=(x-5)².,x²-10x+25=x²-2(x)(5)+5²=(x-5)².,(a-b)²=a²-2ab+b²,True,True,,,,,,High,,,,,resolved
AT-0031,Q10-AP-001,Maharashtra State Board (SSC),10,Arithmetic Progression,Introduction,Identify an AP,Easy,Which sequence is an arithmetic progression?,The common difference is 4.,The common difference is 4.,"3, 7, 11, 15, ...",True,True,,,,,,High,,,,,resolved
AT-0032,Q10-AP-002,Maharashtra State Board (SSC),10,Arithmetic Progression,Common difference,Find common difference,Easy,"Find the common difference of 5, 9, 13, 17, ...",d=9-5=4.,d=9-5=4.,4,True,True,,,,,,High,,,,,resolved
AT-0033,Q10-AP-003,Maharashtra State Board (SSC),10,Arithmetic Progression,nth term,Find nth term,Easy,"Find the 10th term of the AP 3, 7, 11, ...","a=3,d=4; a₁₀=3+9(4)=39.","a=3,d=4; a₁₀=3+9(4)=39.",39,True,True,,,,,,High,,,,,resolved
AT-0034,Q10-AP-004,Maharashtra State Board (SSC),10,Arithmetic Progression,nth term,Find a specific term,Medium,"Find the 20th term of the AP 7, 12, 17, ...","a=7,d=5; a₂₀=7+19(5)=102.","a=7,d=5; a₂₀=7+19(5)=102.",102,True,True,,,,,,High,,,,,resolved
AT-0035,Q10-AP-005,Maharashtra State Board (SSC),10,Arithmetic Progression,nth term,Find first term,Medium,The 8th term of an AP is 29 and d=3. Find the first term.,"29=a+7(3), so a=8.","29=a+7(3), so a=8.",8,True,True,,,,,,High,,,,,resolved
AT-0036,Q10-AP-006,Maharashtra State Board (SSC),10,Arithmetic Progression,nth term,Find number of terms,Medium,"How many terms are there in the AP 4, 7, 10, ..., 40?","40=4+(n-1)3, so n=13.","40=4+(n-1)3, so n=13.",13,True,True,,,,,,High,,,,,resolved
AT-0037,Q10-AP-007,Maharashtra State Board (SSC),10,Arithmetic Progression,Sum of n terms,Find sum,Medium,"Find the sum of the first 10 terms of 2, 5, 8, ...",S₁₀=10/2[2(2)+9(3)]=5(31)=155.,S₁₀=10/2[2(2)+9(3)]=5(31)=155.,155,True,True,,,,,,High,,,,,resolved
AT-0038,Q10-AP-008,Maharashtra State Board (SSC),10,Arithmetic Progression,Sum of n terms,Find sum from first and last term,Easy,Find the sum of 20 terms of an AP whose first term is 5 and 20th term is 62.,Sₙ=n/2(a+l)=20/2(5+62)=670.,Sₙ=n/2(a+l)=20/2(5+62)=670.,670,True,True,,,,,,High,,,,,resolved
AT-0039,Q10-AP-009,Maharashtra State Board (SSC),10,Arithmetic Progression,Arithmetic mean,Find arithmetic mean,Easy,Find the arithmetic mean between 8 and 20.,AM=(8+20)/2=14.,AM=(8+20)/2=14.,14,True,True,,,,,,High,,,,,resolved
AT-0040,Q10-AP-010,Maharashtra State Board (SSC),10,Arithmetic Progression,Arithmetic mean,Insert arithmetic means,Medium,Insert three arithmetic means between 2 and 18.,"The sequence is 2,6,10,14,18 with d=4.","The sequence is 2,6,10,14,18 with d=4.","6, 10, 14",True,True,,,,,,High,,,,,resolved
AT-0041,Q10-AP-011,Maharashtra State Board (SSC),10,Arithmetic Progression,Word problems,Apply AP,Medium,A person saves ₹500 in the first month and increases the saving by ₹100 each month. How much is saved in the 6th month?,"a=500,d=100; a₆=500+5(100)=1000.","a=500,d=100; a₆=500+5(100)=1000.",₹1000,True,True,,,,,,High,,,,,resolved
AT-0042,Q10-AP-012,Maharashtra State Board (SSC),10,Arithmetic Progression,Word problems,Apply sum formula,Hard,"Using the saving pattern ₹500, ₹600, ₹700, ... find the total saving in the first 6 months.",S₆=6/2[2(500)+5(100)]=3(1500)=4500.,S₆=6/2[2(500)+5(100)]=3(1500)=4500.,₹4500,True,True,,,,,,High,,,,,resolved
AT-0043,Q10-AP-013,Maharashtra State Board (SSC),10,Arithmetic Progression,General term,Find term from formula,Medium,"For the AP with nth term aₙ=5n-2, find the first three terms and common difference.","a₁=3,a₂=8,a₃=13, so d=5.","a₁=3,a₂=8,a₃=13, so d=5.","3, 8, 13; d=5",True,True,,,,,,High,,,,,resolved
AT-0044,Q10-AP-014,Maharashtra State Board (SSC),10,Arithmetic Progression,Reasoning,Check whether term belongs,Medium,"Is 50 a term of the AP 2, 6, 10, 14, ...?",50=2+(n-1)4 gives n=13.,50=2+(n-1)4 gives n=13.,"Yes, 50 is the 13th term",True,True,,,,,,High,,,,,resolved
AT-0045,Q10-AP-015,Maharashtra State Board (SSC),10,Arithmetic Progression,Mixed reasoning,Distinguish nth term and sum,Medium,Which formula should be used to find the total of the first n terms of an AP?,The nth-term formula gives one term; the Sₙ formula gives the total of n terms.,The nth-term formula gives one term; the Sₙ formula gives the total of n terms.,Sₙ=n/2[2a+(n-1)d],True,True,,,,,,High,,,,,resolved
AT-0046,Q9-RN-001,Maharashtra State Board (SSC),9,Real Numbers,Number classification,Classify numbers,Easy,Which of the following is irrational?,"√2 cannot be expressed as p/q where p,q are integers and q≠0.","√2 cannot be expressed as p/q where p,q are integers and q≠0.",√2,True,True,,,,,,High,,,,,resolved
AT-0047,Q9-RN-002,Maharashtra State Board (SSC),9,Real Numbers,Number classification,Classify numbers,Easy,Classify 7/8 as rational or irrational.,7/8 is the ratio of two integers with non-zero denominator.,7/8 is the ratio of two integers with non-zero denominator.,Rational,True,True,,,,,,High,,,,,resolved
AT-0048,Q9-RN-003,Maharashtra State Board (SSC),9,Real Numbers,Number line,Represent irrational numbers,Medium,Between which two consecutive integers does √20 lie?,"Since 16<20<25, 4<√20<5.","Since 16<20<25, 4<√20<5.",4 and 5,True,True,,,,,,High,,,,,resolved
AT-0049,Q9-RN-004,Maharashtra State Board (SSC),9,Real Numbers,Surds,Simplify surds,Easy,Simplify √72.,√72=√(36×2)=6√2.,√72=√(36×2)=6√2.,6√2,True,True,,,,,,High,,,,,resolved
AT-0050,Q9-RN-005,Maharashtra State Board (SSC),9,Real Numbers,Surds,Simplify surds,Medium,Simplify √50 + √8.,"√50=5√2 and √8=2√2, so total 7√2.","√50=5√2 and √8=2√2, so total 7√2.",7√2,True,True,,,,,,High,,,,,resolved
AT-0051,Q9-RN-006,Maharashtra State Board (SSC),9,Real Numbers,Surds,Multiply surds,Easy,Simplify √3 × √12.,√36=6.,√36=6.,6,True,True,,,,,,High,,,,,resolved
AT-0052,Q9-RN-007,Maharashtra State Board (SSC),9,Real Numbers,Surds,Rationalisation,Medium,Rationalise 1/√5.,Multiply numerator and denominator by √5.,Multiply numerator and denominator by √5.,√5/5,True,True,,,,,,High,,,,,resolved
AT-0053,Q9-RN-008,Maharashtra State Board (SSC),9,Real Numbers,Surds,Rationalisation,Medium,Rationalise 1/(2+√3).,Multiply numerator and denominator by the conjugate 2-√3; denominator becomes 1.,Multiply numerator and denominator by the conjugate 2-√3; denominator becomes 1.,2-√3,True,True,,,,,,High,,,,,resolved
AT-0054,Q9-RN-009,Maharashtra State Board (SSC),9,Real Numbers,Absolute value,Evaluate absolute value,Easy,Find |−7|.,Absolute value gives the distance from zero.,Absolute value gives the distance from zero.,7,True,True,,,,,,High,,,,,resolved
AT-0055,Q9-RN-010,Maharashtra State Board (SSC),9,Real Numbers,Laws of exponents,Apply exponent laws,Easy,Simplify 2³ × 2⁴.,"For same base, add exponents: 2³×2⁴=2⁷.","For same base, add exponents: 2³×2⁴=2⁷.",2⁷ = 128,True,True,,,,,,High,,,,,resolved
AT-0056,Q9-RN-011,Maharashtra State Board (SSC),9,Real Numbers,Laws of exponents,Apply zero exponent,Easy,Evaluate 5⁰.,Any non-zero number raised to zero power equals 1.,Any non-zero number raised to zero power equals 1.,1,True,True,,,,,,High,,,,,resolved
AT-0057,Q9-RN-012,Maharashtra State Board (SSC),9,Real Numbers,Euclid division lemma,Apply division lemma,Medium,"Using Euclid's division algorithm, write 37 in the form 5q+r.","q=7 and r=2, with 0≤r<5.","q=7 and r=2, with 0≤r<5.",37=5(7)+2,True,True,,,,,,High,,,,,resolved
AT-0058,Q9-RN-013,Maharashtra State Board (SSC),9,Real Numbers,Fundamental theorem of arithmetic,Prime factorisation,Medium,Find the prime factorisation of 180.,180=2×2×3×3×5.,180=2×2×3×3×5.,2²×3²×5,True,True,,,,,,High,,,,,resolved
AT-0059,Q9-RN-014,Maharashtra State Board (SSC),9,Real Numbers,HCF and LCM,Find HCF,Medium,Find the HCF of 84 and 126 using prime factorisation.,84=2²×3×7; 126=2×3²×7; common factors give 2×3×7=42.,84=2²×3×7; 126=2×3²×7; common factors give 2×3×7=42.,42,True,True,,,,,,High,,,,,resolved
AT-0060,Q9-RN-015,Maharashtra State Board (SSC),9,Real Numbers,Reasoning,Rational/irrational reasoning,Medium,Is the sum of two irrational numbers always irrational? Give a counterexample.,The sum of two irrational numbers can be rational.,The sum of two irrational numbers can be rational.,"No; √2 + (−√2)=0, which is rational.",True,True,,,,,,High,,,,,resolved
AT-0061,Q10-QE-016,Maharashtra State Board (SSC),10,Quadratic Equations,Introduction,Introduction,Easy,Identify whether 3x^2+2x^3-1=0 is quadratic and explain.,"The highest power of x is 3, so the equation is cubic, not quadratic.","The highest power of x is 3, so the equation is cubic, not quadratic.",Not quadratic,True,True,,,,,,High,,,,,resolved
AT-0062,Q10-QE-017,Maharashtra State Board (SSC),10,Quadratic Equations,Factorisation method,Factorisation method,Easy,Solve x^2-9x+20=0 by factorisation.,"x^2-9x+20=(x-4)(x-5)=0, so x=4 or 5.","x^2-9x+20=(x-4)(x-5)=0, so x=4 or 5.","x=4,5",True,True,,,,,,High,,,,,resolved
AT-0063,Q10-QE-018,Maharashtra State Board (SSC),10,Quadratic Equations,Factorisation method,Factorisation method,Easy,Solve 2x^2+5x-3=0 by factorisation.,"2x^2+5x-3=(2x-1)(x+3)=0, so x=1/2 or -3.","2x^2+5x-3=(2x-1)(x+3)=0, so x=1/2 or -3.","x=1/2,-3",True,True,,,,,,High,,,,,resolved
AT-0064,Q10-QE-019,Maharashtra State Board (SSC),10,Quadratic Equations,Quadratic formula,Quadratic formula,Medium,Solve x^2+4x-1=0 using the quadratic formula.,x=(-4±√(16+4))/2=(-4±√20)/2=-2±√5.,x=(-4±√(16+4))/2=(-4±√20)/2=-2±√5.,x=-2±√5,True,True,,,,,,High,,,,,resolved
AT-0065,Q10-QE-020,Maharashtra State Board (SSC),10,Quadratic Equations,Discriminant,Discriminant,Easy,Find the discriminant of 4x^2+4x+1=0.,D=4^2-4(4)(1)=16-16=0.,D=4^2-4(4)(1)=16-16=0.,0,True,True,,,,,,High,,,,,resolved
AT-0066,Q10-QE-021,Maharashtra State Board (SSC),10,Quadratic Equations,Nature of roots,Nature of roots,Medium,State the nature of roots of 2x^2+2x+5=0.,"D=2^2-4(2)(5)=4-40=-36<0, so the roots are not real.","D=2^2-4(2)(5)=4-40=-36<0, so the roots are not real.",No real roots,True,True,,,,,,High,,,,,resolved
AT-0067,Q10-QE-022,Maharashtra State Board (SSC),10,Quadratic Equations,Relation between roots and coefficients,Relation between roots and coefficients,Medium,"If α and β are roots of 2x^2-6x+5=0, find α+β and αβ.",Using α+β=-b/a=6/2=3 and αβ=c/a=5/2.,Using α+β=-b/a=6/2=3 and αβ=c/a=5/2.,"α+β=3, αβ=5/2",True,True,,,,,,High,,,,,resolved
AT-0068,Q10-QE-023,Maharashtra State Board (SSC),10,Quadratic Equations,Forming quadratic equation,Forming quadratic equation,Easy,Form the quadratic equation whose roots are 4 and -2.,Equation is x^2-(sum of roots)x+(product)=0 = x^2-2x-8=0.,Equation is x^2-(sum of roots)x+(product)=0 = x^2-2x-8=0.,x^2-2x-8=0,True,True,,,,,,High,,,,,resolved
AT-0069,Q10-QE-024,Maharashtra State Board (SSC),10,Quadratic Equations,Equations reducible to quadratic form,Equations reducible to quadratic form,Easy,Solve x^4-5x^2+4=0 by putting y=x^2.,"Let y=x^2. Then y^2-5y+4=(y-1)(y-4)=0, so y=1 or 4; hence x=±1,±2.","Let y=x^2. Then y^2-5y+4=(y-1)(y-4)=0, so y=1 or 4; hence x=±1,±2.","x=±1,±2",True,True,,,,,,High,,,,,resolved
AT-0070,Q10-QE-025,Maharashtra State Board (SSC),10,Quadratic Equations,Word problems,Word problems,Easy,The product of two consecutive positive integers is 72. Find the integers.,"Let the integers be x and x+1. x(x+1)=72 gives x^2+x-72=0=(x-8)(x+9), so x=8.","Let the integers be x and x+1. x(x+1)=72 gives x^2+x-72=0=(x-8)(x+9), so x=8.",8 and 9,True,True,,,,,,High,,,,,resolved
AT-0071,Q10-QE-026,Maharashtra State Board (SSC),10,Quadratic Equations,Verification,Verification,Easy,Verify whether x=3 is a root of x^2-7x+12=0.,"Substituting x=3 gives 9-21+12=0, so 3 is a root.","Substituting x=3 gives 9-21+12=0, so 3 is a root.",Yes,True,True,,,,,,High,,,,,resolved
AT-0072,Q10-QE-027,Maharashtra State Board (SSC),10,Quadratic Equations,Choose method,Choose method,Easy,"For x^2+10x+2=0, which method is suitable when integer factorisation is not convenient?",Completing the square is introduced in the supplied textbook for this type of equation; the quadratic formula is also a general method.,Completing the square is introduced in the supplied textbook for this type of equation; the quadratic formula is also a general method.,Completing the square or quadratic formula,True,True,,,,,,High,,,,,resolved
AT-0073,Q10-QE-028,Maharashtra State Board (SSC),10,Quadratic Equations,Discriminant,Discriminant,Medium,Find k if x^2+kx+16=0 has equal roots.,"Equal roots require k^2-64=0, hence k=±8.","Equal roots require k^2-64=0, hence k=±8.",k=±8,True,True,,,,,,High,,,,,resolved
AT-0074,Q10-QE-029,Maharashtra State Board (SSC),10,Quadratic Equations,Applications,Applications,Medium,A rectangle has area 48 m² and its length is 2 m more than its breadth. Find its dimensions.,"Let breadth=x, length=x+2. x(x+2)=48 gives x^2+2x-48=0=(x-6)(x+8), so x=6.","Let breadth=x, length=x+2. x(x+2)=48 gives x^2+2x-48=0=(x-6)(x+8), so x=6.",6 m by 8 m,True,True,,,,,,High,,,,,resolved
AT-0075,Q10-QE-030,Maharashtra State Board (SSC),10,Quadratic Equations,Mixed reasoning,Mixed reasoning,Medium,A student factors x^2-6x+8 as (x-2)(x-4)=0 but reports roots 2 and -4. Identify the error.,x-2=0 gives x=2 and x-4=0 gives x=4.,x-2=0 gives x=2 and x-4=0 gives x=4.,"The second root should be 4, not -4",True,True,,,,,,High,,,,,resolved
AT-0076,Q9-FAC-016,Maharashtra State Board (SSC),9,Algebraic Expressions,Factorisation,Factorisation,Easy,Factorise 6x^2+9x.,Take 3x common: 6x^2+9x=3x(2x+3).,Take 3x common: 6x^2+9x=3x(2x+3).,3x(2x+3),True,True,,,,,,High,,,,,resolved
AT-0077,Q9-FAC-017,Maharashtra State Board (SSC),9,Algebraic Expressions,Factorisation,Factorisation,Easy,Factorise x^2-25.,Use a^2-b^2=(a-b)(a+b).,Use a^2-b^2=(a-b)(a+b).,(x-5)(x+5),True,True,,,,,,High,,,,,resolved
AT-0078,Q9-FAC-018,Maharashtra State Board (SSC),9,Algebraic Expressions,Factorisation,Factorisation,Easy,Factorise 4a^2+12a+9.,Use a^2+2ab+b^2=(a+b)^2.,Use a^2+2ab+b^2=(a+b)^2.,(2a+3)^2,True,True,,,,,,High,,,,,resolved
AT-0079,Q9-FAC-019,Maharashtra State Board (SSC),9,Algebraic Expressions,Factorisation,Factorisation,Medium,Factorise x^2+7x+12 by splitting the middle term.,Split 7x as 3x+4x: x^2+3x+4x+12=x(x+3)+4(x+3).,Split 7x as 3x+4x: x^2+3x+4x+12=x(x+3)+4(x+3).,(x+3)(x+4),True,True,,,,,,High,,,,,resolved
AT-0080,Q9-FAC-020,Maharashtra State Board (SSC),9,Algebraic Expressions,Factorisation,Factorisation,Easy,Factorise 6x^2-x-2.,Split -x as 3x-4x: 6x^2+3x-4x-2=3x(2x+1)-2(2x+1).,Split -x as 3x-4x: 6x^2+3x-4x-2=3x(2x+1)-2(2x+1).,(3x-2)(2x+1),True,True,,,,,,High,,,,,resolved
AT-0081,Q9-FAC-021,Maharashtra State Board (SSC),9,Algebraic Expressions,Factorisation,Factorisation,Medium,Factorise 9p^2-24p+16.,Use a^2-2ab+b^2=(a-b)^2.,Use a^2-2ab+b^2=(a-b)^2.,(3p-4)^2,True,True,,,,,,High,,,,,resolved
AT-0082,Q9-FAC-022,Maharashtra State Board (SSC),9,Algebraic Expressions,Factorisation,Factorisation,Medium,Factorise 2x(x-3)+5(x-3).,Take (x-3) common from both terms.,Take (x-3) common from both terms.,(x-3)(2x+5),True,True,,,,,,High,,,,,resolved
AT-0083,Q9-FAC-023,Maharashtra State Board (SSC),9,Algebraic Expressions,Factorisation,Factorisation,Easy,Factorise (x+2)^2-9.,Difference of squares: (x+2-3)(x+2+3).,Difference of squares: (x+2-3)(x+2+3).,(x-1)(x+5),True,True,,,,,,High,,,,,resolved
AT-0084,Q9-FAC-024,Maharashtra State Board (SSC),9,Algebraic Expressions,Factorisation,Factorisation,Easy,"If x-2 is a factor of x^2+mx-6, find m.","By factor theorem, p(2)=4+2m-6=0, so m=1.","By factor theorem, p(2)=4+2m-6=0, so m=1.",m=1,True,True,,,,,,High,,,,,resolved
AT-0085,Q9-FAC-025,Maharashtra State Board (SSC),9,Algebraic Expressions,Factorisation,Factorisation,Easy,Check whether x+1 is a factor of x^3-2x^2-x+2.,"p(-1)=-1-2+1+2=0, so x+1 is a factor.","p(-1)=-1-2+1+2=0, so x+1 is a factor.",Yes,True,True,,,,,,High,,,,,resolved
AT-0086,Q9-FAC-026,Maharashtra State Board (SSC),9,Algebraic Expressions,Factorisation,Factorisation,Easy,Factorise x^3-4x.,"Take x common, then factorise x^2-4=(x-2)(x+2).","Take x common, then factorise x^2-4=(x-2)(x+2).",x(x-2)(x+2),True,True,,,,,,High,,,,,resolved
AT-0087,Q9-FAC-027,Maharashtra State Board (SSC),9,Algebraic Expressions,Factorisation,Factorisation,Easy,Factorise 3a^2-12.,"Take 3 common, then factorise a^2-4.","Take 3 common, then factorise a^2-4.",3(a-2)(a+2),True,True,,,,,,High,,,,,resolved
AT-0088,Q9-FAC-028,Maharashtra State Board (SSC),9,Algebraic Expressions,Factorisation,Factorisation,Medium,A student writes x^2-16=(x-16)(x+16). Find the mistake.,x^2-16=x^2-4^2=(x-4)(x+4).,x^2-16=x^2-4^2=(x-4)(x+4).,The constant must be 4 because 16=4^2,True,True,,,,,,High,,,,,resolved
AT-0089,Q9-FAC-029,Maharashtra State Board (SSC),9,Algebraic Expressions,Factorisation,Factorisation,Medium,Factorise y^2-10y+25 and state the identity used.,y^2-10y+25=y^2-2(5)y+25=(y-5)^2.,y^2-10y+25=y^2-2(5)y+25=(y-5)^2.,(y-5)^2; perfect-square identity,True,True,,,,,,High,,,,,resolved
AT-0090,Q9-FAC-030,Maharashtra State Board (SSC),9,Algebraic Expressions,Factorisation,Factorisation,Medium,Factorise 4m^2-12mn+9n^2.,Use a^2-2ab+b^2 with a=2m and b=3n.,Use a^2-2ab+b^2 with a=2m and b=3n.,(2m-3n)^2,True,True,,,,,,High,,,,,resolved
AT-0091,Q10-AP-016,Maharashtra State Board (SSC),10,Arithmetic Progression,Identify an AP,Identify an AP,Easy,"Which sequence is an A.P.: 4, 7, 10, 13, ... or 2, 4, 8, 16, ...? Give reason.",The first sequence has constant difference 3; the second does not have a constant difference.,The first sequence has constant difference 3; the second does not have a constant difference.,"4,7,10,13,...",True,True,,,,,,High,,,,,resolved
AT-0092,Q10-AP-017,Maharashtra State Board (SSC),10,Arithmetic Progression,Find common difference,Find common difference,Easy,"Find the common difference of 18, 13, 8, 3, ... .","d=13-18=-5, and subsequent differences are also -5.","d=13-18=-5, and subsequent differences are also -5.",-5,True,True,,,,,,High,,,,,resolved
AT-0093,Q10-AP-018,Maharashtra State Board (SSC),10,Arithmetic Progression,Find nth term,Find nth term,Easy,"Find the 15th term of 3, 7, 11, 15, ... .","a=3,d=4; t15=a+14d=59.","a=3,d=4; t15=a+14d=59.",59,True,True,,,,,,High,,,,,resolved
AT-0094,Q10-AP-019,Maharashtra State Board (SSC),10,Arithmetic Progression,Find first term,Find first term,Medium,The 8th term of an A.P. is 29 and d=3. Find the first term.,"29=a+7(3), so a=8.","29=a+7(3), so a=8.",8,True,True,,,,,,High,,,,,resolved
AT-0095,Q10-AP-020,Maharashtra State Board (SSC),10,Arithmetic Progression,Check term belongs,Check term belongs,Easy,"Is 74 a term of the A.P. 5, 8, 11, 14, ...?","74=5+(n-1)3 gives n=24, a positive integer.","74=5+(n-1)3 gives n=24, a positive integer.","Yes, it is the 24th term",True,True,,,,,,High,,,,,resolved
AT-0096,Q10-AP-021,Maharashtra State Board (SSC),10,Arithmetic Progression,Find number of terms,Find number of terms,Medium,"How many terms of 7, 12, 17, ... are needed to reach 102?",102=7+(n-1)5 gives n=20.,102=7+(n-1)5 gives n=20.,20,True,True,,,,,,High,,,,,resolved
AT-0097,Q10-AP-022,Maharashtra State Board (SSC),10,Arithmetic Progression,Insert arithmetic means,Insert arithmetic means,Medium,Insert three arithmetic means between 5 and 21.,"Five terms have d=(21-5)/4=4, giving 5,9,13,17,21.","Five terms have d=(21-5)/4=4, giving 5,9,13,17,21.","9, 13, 17",True,True,,,,,,High,,,,,resolved
AT-0098,Q10-AP-023,Maharashtra State Board (SSC),10,Arithmetic Progression,Arithmetic mean,Arithmetic mean,Easy,Find the arithmetic mean between 14 and 30.,Arithmetic mean=(14+30)/2=22.,Arithmetic mean=(14+30)/2=22.,22,True,True,,,,,,High,,,,,resolved
AT-0099,Q10-AP-024,Maharashtra State Board (SSC),10,Arithmetic Progression,Sum of n terms,Sum of n terms,Easy,"Find the sum of the first 20 terms of 2, 5, 8, ... .","a=2,d=3; S20=20/2[2(2)+19(3)]=610.","a=2,d=3; S20=20/2[2(2)+19(3)]=610.",610,True,True,,,,,,High,,,,,resolved
AT-0100,Q10-AP-025,Maharashtra State Board (SSC),10,Arithmetic Progression,Sum from first and last term,Sum from first and last term,Easy,Find the sum of the first 15 terms of an A.P. whose first term is 6 and last term is 48.,S15=15/2(6+48)=405.,S15=15/2(6+48)=405.,405,True,True,,,,,,High,,,,,resolved
AT-0101,Q10-AP-026,Maharashtra State Board (SSC),10,Arithmetic Progression,Word problem,Word problem,Easy,A student saves ₹50 in the first week and increases the saving by ₹10 each week. How much is saved in 12 weeks?,"a=50,d=10,n=12; S12=6[100+110]=1260.","a=50,d=10,n=12; S12=6[100+110]=1260.",₹1260,True,True,,,,,,High,,,,,resolved
AT-0102,Q10-AP-027,Maharashtra State Board (SSC),10,Arithmetic Progression,Distinguish nth term and sum,Distinguish nth term and sum,Easy,"For the A.P. 4, 7, 10, ... what does t10 represent and what does S10 represent?","t_n denotes a single term at position n, while S_n denotes the sum of the first n terms.","t_n denotes a single term at position n, while S_n denotes the sum of the first n terms.",t10 is the 10th term; S10 is the sum of first 10 terms,True,True,,,,,,High,,,,,resolved
AT-0103,Q10-AP-028,Maharashtra State Board (SSC),10,Arithmetic Progression,Find common difference,Find common difference,Medium,The 5th term of an A.P. is 17 and the 11th term is 35. Find d.,"t11-t5=6d=18, so d=3.","t11-t5=6d=18, so d=3.",3,True,True,,,,,,High,,,,,resolved
AT-0104,Q10-AP-029,Maharashtra State Board (SSC),10,Arithmetic Progression,Word problem,Word problem,Medium,"The seats in successive rows of an auditorium are 18, 22, 26, ... . How many seats are in the 20th row?","a=18,d=4; t20=18+19(4)=94.","a=18,d=4; t20=18+19(4)=94.",94,True,True,,,,,,High,,,,,resolved
AT-0105,Q10-AP-030,Maharashtra State Board (SSC),10,Arithmetic Progression,Find mistake,Find mistake,Medium,"A student says the sum of the first 10 terms of 3,6,9,... is t10=30. What is wrong?",t10=30. S10=10/2[2(3)+9(3)]=165.,t10=30. S10=10/2[2(3)+9(3)]=165.,"30 is the 10th term, not the sum; S10=165",True,True,,,,,,High,,,,,resolved
AT-0106,Q9-RN-016,Maharashtra State Board (SSC),9,Real Numbers,Number classification,Number classification,Easy,Classify 0.125 and √7 as rational or irrational.,"0.125=1/8, while √7 is irrational because 7 is not a perfect square.","0.125=1/8, while √7 is irrational because 7 is not a perfect square.",0.125 is rational; √7 is irrational,True,True,,,,,,High,,,,,resolved
AT-0107,Q9-RN-017,Maharashtra State Board (SSC),9,Real Numbers,Reasoning,Reasoning,Easy,Is 3+√5 rational or irrational? Explain.,"If 3+√5 were rational, subtracting rational 3 would make √5 rational, a contradiction.","If 3+√5 were rational, subtracting rational 3 would make √5 rational, a contradiction.",Irrational,True,True,,,,,,High,,,,,resolved
AT-0108,Q9-RN-018,Maharashtra State Board (SSC),9,Real Numbers,Surds,Surds,Easy,Simplify √72.,√72=√(36×2)=6√2.,√72=√(36×2)=6√2.,6√2,True,True,,,,,,High,,,,,resolved
AT-0109,Q9-RN-019,Maharashtra State Board (SSC),9,Real Numbers,Surds,Surds,Medium,Simplify 3√8-√18.,"3√8=6√2 and √18=3√2, so the result is 3√2.","3√8=6√2 and √18=3√2, so the result is 3√2.",3√2,True,True,,,,,,High,,,,,resolved
AT-0110,Q9-RN-020,Maharashtra State Board (SSC),9,Real Numbers,Comparison of quadratic surds,Comparison of quadratic surds,Easy,Which is greater: 3√2 or 2√5?,"Both are positive; compare squares: 18 and 20, so 2√5 is greater.","Both are positive; compare squares: 18 and 20, so 2√5 is greater.",2√5,True,True,,,,,,High,,,,,resolved
AT-0111,Q9-RN-021,Maharashtra State Board (SSC),9,Real Numbers,Operations on surds,Operations on surds,Medium,Find √6 × √24.,√6×√24=√144=12.,√6×√24=√144=12.,12,True,True,,,,,,High,,,,,resolved
AT-0112,Q9-RN-022,Maharashtra State Board (SSC),9,Real Numbers,Rationalization,Rationalization,Medium,Rationalise the denominator of 3/√5.,Multiply numerator and denominator by √5.,Multiply numerator and denominator by √5.,3√5/5,True,True,,,,,,High,,,,,resolved
AT-0113,Q9-RN-023,Maharashtra State Board (SSC),9,Real Numbers,Rationalization,Rationalization,Easy,Rationalise 1/(2√3).,Multiply by √3/√3: 1/(2√3)=√3/6.,Multiply by √3/√3: 1/(2√3)=√3/6.,√3/6,True,True,,,,,,High,,,,,resolved
AT-0114,Q9-RN-024,Maharashtra State Board (SSC),9,Real Numbers,Laws of exponents,Laws of exponents,Easy,Simplify 2^3×2^4.,"For the same base, add exponents: 2^7=128.","For the same base, add exponents: 2^7=128.",128,True,True,,,,,,High,,,,,resolved
AT-0115,Q9-RN-025,Maharashtra State Board (SSC),9,Real Numbers,Laws of exponents,Laws of exponents,Easy,Simplify 5^3/5^2.,"For the same non-zero base, subtract exponents: 5^(3-2)=5.","For the same non-zero base, subtract exponents: 5^(3-2)=5.",5,True,True,,,,,,High,,,,,resolved
AT-0116,Q9-RN-026,Maharashtra State Board (SSC),9,Real Numbers,Euclid division lemma,Euclid division lemma,Easy,"For a=37 and b=5, write Euclid's division lemma form and identify q and r.",Using a=bq+r with 0≤r<b.,Using a=bq+r with 0≤r<b.,"37=5×7+2; q=7,r=2",True,True,,,,,,High,,,,,resolved
AT-0117,Q9-RN-027,Maharashtra State Board (SSC),9,Real Numbers,Fundamental theorem of arithmetic,Fundamental theorem of arithmetic,Easy,Express 180 as a product of primes.,180=18×10=(2×3^2)(2×5)=2^2×3^2×5.,180=18×10=(2×3^2)(2×5)=2^2×3^2×5.,2^2×3^2×5,True,True,,,,,,High,,,,,resolved
AT-0118,Q9-RN-028,Maharashtra State Board (SSC),9,Real Numbers,HCF and LCM,HCF and LCM,Medium,Find the HCF of 84 and 126 using prime factorisation.,84=2^2×3×7 and 126=2×3^2×7; common minimum powers give 42.,84=2^2×3×7 and 126=2×3^2×7; common minimum powers give 42.,42,True,True,,,,,,High,,,,,resolved
AT-0119,Q9-RN-029,Maharashtra State Board (SSC),9,Real Numbers,Absolute value,Absolute value,Medium,Solve |x|=7.,A number has absolute value 7 when it is 7 units from zero: x=±7.,A number has absolute value 7 when it is 7 units from zero: x=±7.,x=7 or x=-7,True,True,,,,,,High,,,,,resolved
AT-0120,Q9-RN-030,Maharashtra State Board (SSC),9,Real Numbers,Mixed reasoning,Mixed reasoning,Medium,A student claims √12=2√3 and then says √12+√3=√15. Identify the misconception.,"After simplifying √12=2√3, combine like surds: 2√3+√3=3√3.","After simplifying √12=2√3, combine like surds: 2√3+√3=3√3.",Square roots cannot be added by adding radicands; √12+√3=3√3,True,True,,,,,,High,,,,,resolved
AT-0121,Q10-QE-001,Maharashtra State Board (SSC),10,Quadratic Equations,Introduction,Identify a quadratic equation,Easy,Which of the following is a quadratic equation?,A quadratic equation has degree 2; x² - 5x + 6 = 0 has degree 2.,I identified the right topic but applied the rule incorrectly in the next step.,incorrect result,False,False,Step 2,Conceptual,QE-CON-01,Misclassifies a non-quadratic equation as quadratic,I identified the right topic but applied the rule incorrectly in the next step.,High,Guided correction,"Revisit the exact step where the learner showed 'Misclassifies a non-quadratic equation as quadratic'. Ask the learner to name the rule being used, then correct only that step before continuing.",Q10-QE-002,Q10-QE-016,unresolved
AT-0122,Q10-QE-002,Maharashtra State Board (SSC),10,Quadratic Equations,Standard form,Identify coefficients,Easy,"For 3x² - 7x + 2 = 0, find a, b and c.",Compare with ax² + bx + c = 0.,I identified the right topic but applied the rule incorrectly in the next step.,incorrect result,False,False,Step 2,Conceptual,QE-CON-02,"Misidentifies coefficients a, b, c",I identified the right topic but applied the rule incorrectly in the next step.,High,Guided correction,"Revisit the exact step where the learner showed 'Misidentifies coefficients a, b, c'. Ask the learner to name the rule being used, then correct only that step before continuing.",Q10-QE-001,Q10-QE-016,unresolved
AT-0123,Q10-QE-003,Maharashtra State Board (SSC),10,Quadratic Equations,Factorisation method,Solve by factorisation,Easy,Solve x² - 5x + 6 = 0.,"x² - 5x + 6 = (x-2)(x-3)=0, so x=2 or 3.",I chose factors whose product is the constant but did not check their middle-term sum.,incorrect result,False,False,Step 2,Conceptual,QE-FAC-01,Incorrect factorisation of a quadratic,I chose factors whose product is the constant but did not check their middle-term sum.,High,Guided correction,"Revisit the exact step where the learner showed 'Incorrect factorisation of a quadratic'. Ask the learner to name the rule being used, then correct only that step before continuing.",Q10-QE-001,Q10-QE-016,unresolved
AT-0124,Q10-QE-004,Maharashtra State Board (SSC),10,Quadratic Equations,Factorisation method,Solve with negative roots,Medium,Solve x² + 7x + 12 = 0.,"x²+7x+12=(x+3)(x+4)=0, so x=-3 or -4.","I got (x-2)(x-4)=0, so x=2 or x=-4.",incorrect result,False,False,Step 2,Sign error,QE-SIGN-01,Sign error when extracting roots from factors,"I got (x-2)(x-4)=0, so x=2 or x=-4.",High,Guided correction,"Revisit the exact step where the learner showed 'Sign error when extracting roots from factors'. Ask the learner to name the rule being used, then correct only that step before continuing.",Q10-QE-001,Q10-QE-016,unresolved
AT-0125,Q10-QE-005,Maharashtra State Board (SSC),10,Quadratic Equations,Quadratic formula,Apply formula,Medium,Solve 2x² - 7x + 3 = 0 using the quadratic formula.,"x=(7±√(49-24))/4=(7±5)/4, giving x=3 and 1/2.",I substituted b and c but treated -b as b and then divided by 2a incorrectly.,"x=3, 1/2",True,False,Step 2,Formula selection,QE-FORM-01,Incorrect substitution into quadratic formula,I substituted b and c but treated -b as b and then divided by 2a incorrectly.,Medium,Guided correction,"Revisit the exact step where the learner showed 'Incorrect substitution into quadratic formula'. Ask the learner to name the rule being used, then correct only that step before continuing.",Q10-QE-001,Q10-QE-016,improving
AT-0126,Q10-QE-006,Maharashtra State Board (SSC),10,Quadratic Equations,Discriminant,Calculate discriminant,Easy,Find the discriminant of 2x² + 3x - 2 = 0.,D=b²-4ac=9-4(2)(-2)=25.,I calculated b²+4ac and used its sign to decide the roots.,incorrect result,False,False,Step 2,Conceptual,QE-DISC-01,Calculates discriminant incorrectly,I calculated b²+4ac and used its sign to decide the roots.,High,Guided correction,"Revisit the exact step where the learner showed 'Calculates discriminant incorrectly'. Ask the learner to name the rule being used, then correct only that step before continuing.",Q10-QE-001,Q10-QE-016,unresolved
AT-0127,Q10-QE-007,Maharashtra State Board (SSC),10,Quadratic Equations,Nature of roots,Interpret discriminant,Medium,Determine the nature of roots of 3x² - 4x + 2 = 0.,"D=(-4)²-4(3)(2)=16-24=-8<0, so there are no real roots.",I calculated b²+4ac and used its sign to decide the roots.,incorrect result,False,False,Step 2,Conceptual,QE-DISC-02,Misinterprets discriminant sign and nature of roots,I calculated b²+4ac and used its sign to decide the roots.,High,Guided correction,"Revisit the exact step where the learner showed 'Misinterprets discriminant sign and nature of roots'. Ask the learner to name the rule being used, then correct only that step before continuing.",Q10-QE-001,Q10-QE-016,unresolved
AT-0128,Q10-QE-008,Maharashtra State Board (SSC),10,Quadratic Equations,Nature of roots,Equal roots,Medium,Find the value of k if x² + kx + 9 = 0 has equal roots.,"Equal roots require D=0: k²-36=0, so k=±6.",I calculated b²+4ac and used its sign to decide the roots.,k=6,False,False,Step 2,Conceptual,QE-DISC-03,Applies equal-root condition incorrectly,I calculated b²+4ac and used its sign to decide the roots.,High,Guided correction,"Revisit the exact step where the learner showed 'Applies equal-root condition incorrectly'. Ask the learner to name the rule being used, then correct only that step before continuing.",Q10-QE-001,Q10-QE-016,unresolved
AT-0129,Q10-QE-009,Maharashtra State Board (SSC),10,Quadratic Equations,Relation between roots and coefficients,Find sum of roots,Easy,"For 2x² - 9x + 4 = 0, find the sum of the roots without solving the equation.",Sum of roots = -b/a = -(-9)/2 = 9/2.,I used b/a for the sum and c/a for the product.,9/2,True,False,Step 2,Conceptual,QE-VIETA-01,Incorrect sum-of-roots relation,I used b/a for the sum and c/a for the product.,Medium,Guided correction,"Revisit the exact step where the learner showed 'Incorrect sum-of-roots relation'. Ask the learner to name the rule being used, then correct only that step before continuing.",Q10-QE-001,Q10-QE-016,improving
AT-0130,Q10-QE-010,Maharashtra State Board (SSC),10,Quadratic Equations,Relation between roots and coefficients,Find product of roots,Easy,"For 3x² + 5x - 2 = 0, find the product of the roots.",Product of roots = c/a = -2/3.,I used b/a for the sum and c/a for the product.,incorrect result,False,False,Step 2,Conceptual,QE-VIETA-02,Incorrect product-of-roots relation,I used b/a for the sum and c/a for the product.,High,Guided correction,"Revisit the exact step where the learner showed 'Incorrect product-of-roots relation'. Ask the learner to name the rule being used, then correct only that step before continuing.",Q10-QE-001,Q10-QE-016,unresolved
AT-0131,Q10-QE-011,Maharashtra State Board (SSC),10,Quadratic Equations,Forming quadratic equation,Form equation from roots,Medium,Form the quadratic equation whose roots are 2 and -5.,Equation is x²-(sum)x+(product)=0 = x²-(-3)x-10=0.,I substituted b and c but treated -b as b and then divided by 2a incorrectly.,incorrect result,False,False,Step 2,Formula selection,QE-FORM-02,Misuses quadratic formula signs or denominator,I substituted b and c but treated -b as b and then divided by 2a incorrectly.,High,Guided correction,"Revisit the exact step where the learner showed 'Misuses quadratic formula signs or denominator'. Ask the learner to name the rule being used, then correct only that step before continuing.",Q10-QE-001,Q10-QE-016,unresolved
AT-0132,Q10-QE-012,Maharashtra State Board (SSC),10,Quadratic Equations,Equations reducible to quadratic form,Substitute variable expression,Medium,Solve x⁴ - 5x² + 4 = 0.,"Let y=x². Then y²-5y+4=0, so y=1 or 4; hence x=±1, ±2.",I identified the right topic but applied the rule incorrectly in the next step.,"x=1, 2",False,False,Step 2,Conceptual,QE-RED-01,Fails to substitute and recover roots in a reducible quadratic form,I identified the right topic but applied the rule incorrectly in the next step.,High,Guided correction,"Revisit the exact step where the learner showed 'Fails to substitute and recover roots in a reducible quadratic form'. Ask the learner to name the rule being used, then correct only that step before continuing.",Q10-QE-001,Q10-QE-016,unresolved
AT-0133,Q10-QE-013,Maharashtra State Board (SSC),10,Quadratic Equations,Word problems,Translate to quadratic equation,Hard,The product of two consecutive positive integers is 56. Find the integers.,"Let the integers be x and x+1. x(x+1)=56 gives x²+x-56=0=(x-7)(x+8), so x=7.",I wrote x(x+1)=72 but then changed the x term to a negative sign.,incorrect result,False,False,Step 2,Interpretation,QE-WORD-01,Incorrect translation of a word problem into a quadratic equation,I wrote x(x+1)=72 but then changed the x term to a negative sign.,High,Guided correction,"Revisit the exact step where the learner showed 'Incorrect translation of a word problem into a quadratic equation'. Ask the learner to name the rule being used, then correct only that step before continuing.",Q10-QE-001,Q10-QE-016,unresolved
AT-0134,Q10-QE-014,Maharashtra State Board (SSC),10,Quadratic Equations,Verification,Verify roots,Easy,Verify that 2 and 3 are roots of x² - 5x + 6 = 0.,Substitution gives 4-10+6=0 and 9-15+6=0.,I identified the right topic but applied the rule incorrectly in the next step.,incorrect result,False,False,Step 2,Procedural,QE-VERIFY-01,Fails to verify a proposed root by substitution,I identified the right topic but applied the rule incorrectly in the next step.,High,Guided correction,"Revisit the exact step where the learner showed 'Fails to verify a proposed root by substitution'. Ask the learner to name the rule being used, then correct only that step before continuing.",Q10-QE-001,Q10-QE-016,unresolved
AT-0135,Q10-QE-015,Maharashtra State Board (SSC),10,Quadratic Equations,Mixed reasoning,Choose method,Medium,"For x² - 16 = 0, which method gives the simplest solution and why?","x²-16=(x-4)(x+4), so factorisation directly gives x=±4.",I identified the right topic but applied the rule incorrectly in the next step.,incorrect result,False,False,Step 2,Conceptual,QE-METHOD-01,Chooses an unsuitable quadratic-solving method,I identified the right topic but applied the rule incorrectly in the next step.,High,Guided correction,"Revisit the exact step where the learner showed 'Chooses an unsuitable quadratic-solving method'. Ask the learner to name the rule being used, then correct only that step before continuing.",Q10-QE-001,Q10-QE-016,unresolved
AT-0136,Q9-FAC-001,Maharashtra State Board (SSC),9,Algebraic Expressions,Factorisation,Common factor,Easy,Factorise 6x + 12.,The greatest common factor is 6: 6x+12=6(x+2).,I started expanding instead of taking the visible common factor.,incorrect result,False,False,Step 2,Procedural,FAC-CF-01,Fails to identify a common numerical/algebraic factor,I started expanding instead of taking the visible common factor.,High,Worked example,"Model one short example targeting 'Fails to identify a common numerical/algebraic factor', explicitly checking the factorisation by multiplying the factors back together.",Q9-FAC-002,Q9-FAC-016,unresolved
AT-0137,Q9-FAC-002,Maharashtra State Board (SSC),9,Algebraic Expressions,Factorisation,Common factor with variables,Easy,Factorise 8x² + 12x.,The common factor is 4x.,I started expanding instead of taking the visible common factor.,incorrect result,False,False,Step 2,Procedural,FAC-CF-02,Misses a common binomial factor,I started expanding instead of taking the visible common factor.,High,Worked example,"Model one short example targeting 'Misses a common binomial factor', explicitly checking the factorisation by multiplying the factors back together.",Q9-FAC-001,Q9-FAC-016,unresolved
AT-0138,Q9-FAC-003,Maharashtra State Board (SSC),9,Algebraic Expressions,Factorisation,Difference of squares,Easy,Factorise x² - 25.,Use a²-b²=(a-b)(a+b).,x²-16=(x-16)(x+16).,incorrect result,False,False,Step 2,Procedural,FAC-ID-01,Misapplies difference-of-squares identity,x²-16=(x-16)(x+16).,High,Worked example,"Model one short example targeting 'Misapplies difference-of-squares identity', explicitly checking the factorisation by multiplying the factors back together.",Q9-FAC-001,Q9-FAC-016,unresolved
AT-0139,Q9-FAC-004,Maharashtra State Board (SSC),9,Algebraic Expressions,Factorisation,Difference of squares,Medium,Factorise 9x² - 16.,9x²-16=(3x)²-4².,x²-16=(x-16)(x+16).,incorrect result,False,False,Step 2,Procedural,FAC-ID-01,Misapplies difference-of-squares identity,x²-16=(x-16)(x+16).,High,Worked example,"Model one short example targeting 'Misapplies difference-of-squares identity', explicitly checking the factorisation by multiplying the factors back together.",Q9-FAC-001,Q9-FAC-016,unresolved
AT-0140,Q9-FAC-005,Maharashtra State Board (SSC),9,Algebraic Expressions,Factorisation,Perfect square identity,Medium,Factorise x² + 6x + 9.,Use a²+2ab+b²=(a+b)².,I matched the first and last terms but used the wrong middle coefficient.,incorrect result,False,False,Step 2,Procedural,FAC-ID-02,Misapplies perfect-square identity,I matched the first and last terms but used the wrong middle coefficient.,High,Worked example,"Model one short example targeting 'Misapplies perfect-square identity', explicitly checking the factorisation by multiplying the factors back together.",Q9-FAC-001,Q9-FAC-016,unresolved
AT-0141,Q9-FAC-006,Maharashtra State Board (SSC),9,Algebraic Expressions,Factorisation,Perfect square identity,Medium,Factorise 4x² - 12x + 9.,Use a²-2ab+b²=(a-b)².,I obtained two expressions that looked like factors but did not multiply them back to verify.,incorrect result,False,False,Step 2,Procedural,FAC-ID-03,Incorrectly identifies coefficients in a perfect-square trinomial,I obtained two expressions that looked like factors but did not multiply them back to verify.,High,Worked example,"Model one short example targeting 'Incorrectly identifies coefficients in a perfect-square trinomial', explicitly checking the factorisation by multiplying the factors back together.",Q9-FAC-001,Q9-FAC-016,unresolved
AT-0142,Q9-FAC-007,Maharashtra State Board (SSC),9,Algebraic Expressions,Factorisation,Splitting middle term,Medium,Factorise x² + 7x + 12.,Find two numbers with product 12 and sum 7.,I split the middle term into two terms that do not produce the required product.,incorrect result,False,False,Step 2,Procedural,FAC-MT-01,Incorrectly splits the middle term,I split the middle term into two terms that do not produce the required product.,High,Worked example,"Model one short example targeting 'Incorrectly splits the middle term', explicitly checking the factorisation by multiplying the factors back together.",Q9-FAC-001,Q9-FAC-016,unresolved
AT-0143,Q9-FAC-008,Maharashtra State Board (SSC),9,Algebraic Expressions,Factorisation,Splitting middle term,Medium,Factorise x² - x - 12.,Find two numbers with product -12 and sum -1.,I split the middle term into two terms that do not produce the required product.,incorrect result,False,False,Step 2,Procedural,FAC-MT-02,Chooses middle-term pair with wrong signs,I split the middle term into two terms that do not produce the required product.,High,Worked example,"Model one short example targeting 'Chooses middle-term pair with wrong signs', explicitly checking the factorisation by multiplying the factors back together.",Q9-FAC-001,Q9-FAC-016,unresolved
AT-0144,Q9-FAC-009,Maharashtra State Board (SSC),9,Algebraic Expressions,Factorisation,Grouping,Medium,Factorise ax + ay + bx + by.,Group a(x+y)+b(x+y).,I obtained two expressions that looked like factors but did not multiply them back to verify.,incorrect result,False,False,Step 2,Conceptual,FAC-GRP-01,Incorrect grouping after splitting terms,I obtained two expressions that looked like factors but did not multiply them back to verify.,High,Worked example,"Model one short example targeting 'Incorrect grouping after splitting terms', explicitly checking the factorisation by multiplying the factors back together.",Q9-FAC-001,Q9-FAC-016,unresolved
AT-0145,Q9-FAC-010,Maharashtra State Board (SSC),9,Algebraic Expressions,Factorisation,Factor theorem connection,Medium,"If p(x)=x²-5x+6, check whether x-2 is a factor.","p(2)=4-10+6=0, so x-2 is a factor.",For x-2 I substituted x=-2 into the polynomial.,No,False,False,Step 2,Procedural,FAC-FT-01,Misapplies the factor theorem,For x-2 I substituted x=-2 into the polynomial.,High,Worked example,"Model one short example targeting 'Misapplies the factor theorem', explicitly checking the factorisation by multiplying the factors back together.",Q9-FAC-001,Q9-FAC-016,unresolved
AT-0146,Q9-FAC-011,Maharashtra State Board (SSC),9,Algebraic Expressions,Factorisation,Factor theorem connection,Medium,"If p(x)=2x²+3x-2, check whether x+2 is a factor.","p(-2)=8-6-2=0, so x+2 is a factor.",For x-2 I substituted x=-2 into the polynomial.,No,False,False,Step 2,Procedural,FAC-FT-02,Confuses factor theorem with remainder theorem,For x-2 I substituted x=-2 into the polynomial.,High,Worked example,"Model one short example targeting 'Confuses factor theorem with remainder theorem', explicitly checking the factorisation by multiplying the factors back together.",Q9-FAC-001,Q9-FAC-016,unresolved
AT-0147,Q9-FAC-012,Maharashtra State Board (SSC),9,Algebraic Expressions,Factorisation,Mixed factorisation,Hard,Factorise 2x² + 7x + 3.,Split 7x as 6x+x: 2x²+6x+x+3=(2x+1)(x+3).,I split the middle term into two terms that do not produce the required product.,incorrect result,False,False,Step 2,Procedural,FAC-MT-03,Combines multiple factorisation steps incorrectly,I split the middle term into two terms that do not produce the required product.,High,Worked example,"Model one short example targeting 'Combines multiple factorisation steps incorrectly', explicitly checking the factorisation by multiplying the factors back together.",Q9-FAC-001,Q9-FAC-016,unresolved
AT-0148,Q9-FAC-013,Maharashtra State Board (SSC),9,Algebraic Expressions,Factorisation,Mixed factorisation,Hard,Factorise 3x² - 11x - 4.,Split -11x as -12x+x: 3x²-12x+x-4=(3x+1)(x-4).,I split the middle term into two terms that do not produce the required product.,incorrect result,False,False,Step 2,Procedural,FAC-MT-04,Stops factorisation before reaching irreducible factors,I split the middle term into two terms that do not produce the required product.,High,Worked example,"Model one short example targeting 'Stops factorisation before reaching irreducible factors', explicitly checking the factorisation by multiplying the factors back together.",Q9-FAC-001,Q9-FAC-016,unresolved
AT-0149,Q9-FAC-014,Maharashtra State Board (SSC),9,Algebraic Expressions,Factorisation,Verification,Easy,Verify that (x+2)(x+3)=x²+5x+6.,Multiply: x²+3x+2x+6=x²+5x+6.,I obtained two expressions that looked like factors but did not multiply them back to verify.,incorrect result,False,False,Step 2,Procedural,FAC-VERIFY-01,Incorrectly verifies whether an expression is a factor,I obtained two expressions that looked like factors but did not multiply them back to verify.,High,Worked example,"Model one short example targeting 'Incorrectly verifies whether an expression is a factor', explicitly checking the factorisation by multiplying the factors back together.",Q9-FAC-001,Q9-FAC-016,unresolved
AT-0150,Q9-FAC-015,Maharashtra State Board (SSC),9,Algebraic Expressions,Factorisation,Reasoning,Medium,Which identity is most directly useful for factorising x²-10x+25?,x²-10x+25=x²-2(x)(5)+5²=(x-5)².,I obtained two expressions that looked like factors but did not multiply them back to verify.,incorrect result,False,False,Step 2,Procedural,FAC-ID-03,Incorrectly identifies coefficients in a perfect-square trinomial,I obtained two expressions that looked like factors but did not multiply them back to verify.,High,Worked example,"Model one short example targeting 'Incorrectly identifies coefficients in a perfect-square trinomial', explicitly checking the factorisation by multiplying the factors back together.",Q9-FAC-001,Q9-FAC-016,unresolved
AT-0151,Q10-AP-001,Maharashtra State Board (SSC),10,Arithmetic Progression,Introduction,Identify an AP,Easy,Which sequence is an arithmetic progression?,The common difference is 4.,I subtracted the terms inconsistently and used different differences.,incorrect result,False,False,Step 2,Conceptual,AP-CON-01,Misidentifies whether a sequence is an arithmetic progression,I subtracted the terms inconsistently and used different differences.,High,Diagnostic question,"Use a short diagnostic prompt targeting 'Misidentifies whether a sequence is an arithmetic progression' and require the learner to state whether the task asks for a term, common difference, or sum.",Q10-AP-002,Q10-AP-016,unresolved
AT-0152,Q10-AP-002,Maharashtra State Board (SSC),10,Arithmetic Progression,Common difference,Find common difference,Easy,"Find the common difference of 5, 9, 13, 17, ...",d=9-5=4.,I subtracted the terms inconsistently and used different differences.,incorrect result,False,False,Step 2,Formula selection,AP-D-01,Calculates common difference incorrectly,I subtracted the terms inconsistently and used different differences.,High,Diagnostic question,"Use a short diagnostic prompt targeting 'Calculates common difference incorrectly' and require the learner to state whether the task asks for a term, common difference, or sum.",Q10-AP-001,Q10-AP-016,unresolved
AT-0153,Q10-AP-003,Maharashtra State Board (SSC),10,Arithmetic Progression,nth term,Find nth term,Easy,"Find the 10th term of the AP 3, 7, 11, ...","a=3,d=4; a₁₀=3+9(4)=39.",I used a+n d instead of a+(n-1)d.,incorrect result,False,False,Step 2,Formula selection,AP-NT-01,Confuses term position with term value,I used a+n d instead of a+(n-1)d.,High,Diagnostic question,"Use a short diagnostic prompt targeting 'Confuses term position with term value' and require the learner to state whether the task asks for a term, common difference, or sum.",Q10-AP-001,Q10-AP-016,unresolved
AT-0154,Q10-AP-004,Maharashtra State Board (SSC),10,Arithmetic Progression,nth term,Find a specific term,Medium,"Find the 20th term of the AP 7, 12, 17, ...","a=7,d=5; a₂₀=7+19(5)=102.",I used a+n d instead of a+(n-1)d.,incorrect result,False,False,Step 2,Formula selection,AP-NT-02,Finds first term incorrectly from a known term,I used a+n d instead of a+(n-1)d.,High,Diagnostic question,"Use a short diagnostic prompt targeting 'Finds first term incorrectly from a known term' and require the learner to state whether the task asks for a term, common difference, or sum.",Q10-AP-001,Q10-AP-016,unresolved
AT-0155,Q10-AP-005,Maharashtra State Board (SSC),10,Arithmetic Progression,nth term,Find first term,Medium,The 8th term of an AP is 29 and d=3. Find the first term.,"29=a+7(3), so a=8.",I used a+n d instead of a+(n-1)d.,incorrect result,False,False,Step 2,Formula selection,AP-NT-03,Incorrectly checks whether a number is a term of an A.P.,I used a+n d instead of a+(n-1)d.,High,Diagnostic question,"Use a short diagnostic prompt targeting 'Incorrectly checks whether a number is a term of an A.P.' and require the learner to state whether the task asks for a term, common difference, or sum.",Q10-AP-001,Q10-AP-016,unresolved
AT-0156,Q10-AP-006,Maharashtra State Board (SSC),10,Arithmetic Progression,nth term,Find number of terms,Medium,"How many terms are there in the AP 4, 7, 10, ..., 40?","40=4+(n-1)3, so n=13.",I used a+n d instead of a+(n-1)d.,incorrect result,False,False,Step 2,Formula selection,AP-NT-04,Calculates number of terms incorrectly,I used a+n d instead of a+(n-1)d.,High,Diagnostic question,"Use a short diagnostic prompt targeting 'Calculates number of terms incorrectly' and require the learner to state whether the task asks for a term, common difference, or sum.",Q10-AP-001,Q10-AP-016,unresolved
AT-0157,Q10-AP-007,Maharashtra State Board (SSC),10,Arithmetic Progression,Sum of n terms,Find sum,Medium,"Find the sum of the first 10 terms of 2, 5, 8, ...",S₁₀=10/2[2(2)+9(3)]=5(31)=155.,I calculated the nth term and treated it as the required sum.,incorrect result,False,False,Step 2,Formula selection,AP-SUM-01,Misapplies sum-of-n-terms formula,I calculated the nth term and treated it as the required sum.,High,Diagnostic question,"Use a short diagnostic prompt targeting 'Misapplies sum-of-n-terms formula' and require the learner to state whether the task asks for a term, common difference, or sum.",Q10-AP-001,Q10-AP-016,unresolved
AT-0158,Q10-AP-008,Maharashtra State Board (SSC),10,Arithmetic Progression,Sum of n terms,Find sum from first and last term,Easy,Find the sum of 20 terms of an AP whose first term is 5 and 20th term is 62.,Sₙ=n/2(a+l)=20/2(5+62)=670.,I calculated the nth term and treated it as the required sum.,incorrect result,False,False,Step 2,Formula selection,AP-SUM-02,"Confuses last term, nth term, and sum",I calculated the nth term and treated it as the required sum.,High,Diagnostic question,"Use a short diagnostic prompt targeting 'Confuses last term, nth term, and sum' and require the learner to state whether the task asks for a term, common difference, or sum.",Q10-AP-001,Q10-AP-016,unresolved
AT-0159,Q10-AP-009,Maharashtra State Board (SSC),10,Arithmetic Progression,Arithmetic mean,Find arithmetic mean,Easy,Find the arithmetic mean between 8 and 20.,AM=(8+20)/2=14.,I used the difference between the endpoints as the inserted mean.,incorrect result,False,False,Step 2,Conceptual,AP-AM-01,Incorrectly inserts arithmetic means,I used the difference between the endpoints as the inserted mean.,High,Diagnostic question,"Use a short diagnostic prompt targeting 'Incorrectly inserts arithmetic means' and require the learner to state whether the task asks for a term, common difference, or sum.",Q10-AP-001,Q10-AP-016,unresolved
AT-0160,Q10-AP-010,Maharashtra State Board (SSC),10,Arithmetic Progression,Arithmetic mean,Insert arithmetic means,Medium,Insert three arithmetic means between 2 and 18.,"The sequence is 2,6,10,14,18 with d=4.",I used the difference between the endpoints as the inserted mean.,incorrect result,False,False,Step 2,Conceptual,AP-AM-02,Confuses arithmetic mean with another sequence operation,I used the difference between the endpoints as the inserted mean.,High,Diagnostic question,"Use a short diagnostic prompt targeting 'Confuses arithmetic mean with another sequence operation' and require the learner to state whether the task asks for a term, common difference, or sum.",Q10-AP-001,Q10-AP-016,unresolved
AT-0161,Q10-AP-011,Maharashtra State Board (SSC),10,Arithmetic Progression,Word problems,Apply AP,Medium,A person saves ₹500 in the first month and increases the saving by ₹100 each month. How much is saved in the 6th month?,"a=500,d=100; a₆=500+5(100)=1000.",I subtracted the terms inconsistently and used different differences.,incorrect result,False,False,Step 2,Interpretation,AP-WORD-01,Incorrectly models an A.P. word problem,I subtracted the terms inconsistently and used different differences.,High,Diagnostic question,"Use a short diagnostic prompt targeting 'Incorrectly models an A.P. word problem' and require the learner to state whether the task asks for a term, common difference, or sum.",Q10-AP-001,Q10-AP-016,unresolved
AT-0162,Q10-AP-012,Maharashtra State Board (SSC),10,Arithmetic Progression,Word problems,Apply sum formula,Hard,"Using the saving pattern ₹500, ₹600, ₹700, ... find the total saving in the first 6 months.",S₆=6/2[2(500)+5(100)]=3(1500)=4500.,I subtracted the terms inconsistently and used different differences.,incorrect result,False,False,Step 2,Interpretation,AP-WORD-02,Uses the wrong A.P. quantity in an application,I subtracted the terms inconsistently and used different differences.,High,Diagnostic question,"Use a short diagnostic prompt targeting 'Uses the wrong A.P. quantity in an application' and require the learner to state whether the task asks for a term, common difference, or sum.",Q10-AP-001,Q10-AP-016,unresolved
AT-0163,Q10-AP-013,Maharashtra State Board (SSC),10,Arithmetic Progression,General term,Find term from formula,Medium,"For the AP with nth term aₙ=5n-2, find the first three terms and common difference.","a₁=3,a₂=8,a₃=13, so d=5.",I selected an A.P. formula but substituted the position incorrectly.,incorrect result,False,False,Step 2,Formula selection,AP-FORM-01,Misapplies nth-term formula,I selected an A.P. formula but substituted the position incorrectly.,High,Diagnostic question,"Use a short diagnostic prompt targeting 'Misapplies nth-term formula' and require the learner to state whether the task asks for a term, common difference, or sum.",Q10-AP-001,Q10-AP-016,unresolved
AT-0164,Q10-AP-014,Maharashtra State Board (SSC),10,Arithmetic Progression,Reasoning,Check whether term belongs,Medium,"Is 50 a term of the AP 2, 6, 10, 14, ...?",50=2+(n-1)4 gives n=13.,I used a+n d instead of a+(n-1)d.,incorrect result,False,False,Step 2,Formula selection,AP-NT-05,Confuses nth term with sum of first n terms,I used a+n d instead of a+(n-1)d.,High,Diagnostic question,"Use a short diagnostic prompt targeting 'Confuses nth term with sum of first n terms' and require the learner to state whether the task asks for a term, common difference, or sum.",Q10-AP-001,Q10-AP-016,unresolved
AT-0165,Q10-AP-015,Maharashtra State Board (SSC),10,Arithmetic Progression,Mixed reasoning,Distinguish nth term and sum,Medium,Which formula should be used to find the total of the first n terms of an AP?,The nth-term formula gives one term; the Sₙ formula gives the total of n terms.,I subtracted the terms inconsistently and used different differences.,incorrect result,False,False,Step 2,Conceptual,AP-CON-02,Assumes a constant ratio is a common difference,I subtracted the terms inconsistently and used different differences.,High,Diagnostic question,"Use a short diagnostic prompt targeting 'Assumes a constant ratio is a common difference' and require the learner to state whether the task asks for a term, common difference, or sum.",Q10-AP-001,Q10-AP-016,unresolved
AT-0166,Q9-RN-001,Maharashtra State Board (SSC),9,Real Numbers,Number classification,Classify numbers,Easy,Which of the following is irrational?,"√2 cannot be expressed as p/q where p,q are integers and q≠0.",I classified the number from its appearance without applying the rational-number definition.,incorrect result,False,False,Step 2,Conceptual,RN-CLASS-01,"Misclassifies rational, irrational, or real numbers",I classified the number from its appearance without applying the rational-number definition.,High,Concept explanation,"Give a concise concept explanation targeting 'Misclassifies rational, irrational, or real numbers', followed by one worked step and a check of the student's reasoning.",Q9-RN-002,Q9-RN-016,unresolved
AT-0167,Q9-RN-002,Maharashtra State Board (SSC),9,Real Numbers,Number classification,Classify numbers,Easy,Classify 7/8 as rational or irrational.,7/8 is the ratio of two integers with non-zero denominator.,I classified the number from its appearance without applying the rational-number definition.,incorrect result,False,False,Step 2,Conceptual,RN-CLASS-02,Confuses properties of rational and irrational numbers,I classified the number from its appearance without applying the rational-number definition.,High,Concept explanation,"Give a concise concept explanation targeting 'Confuses properties of rational and irrational numbers', followed by one worked step and a check of the student's reasoning.",Q9-RN-001,Q9-RN-016,unresolved
AT-0168,Q9-RN-003,Maharashtra State Board (SSC),9,Real Numbers,Number line,Represent irrational numbers,Medium,Between which two consecutive integers does √20 lie?,"Since 16<20<25, 4<√20<5.",I applied a property of real numbers without checking its definition.,incorrect result,False,False,Step 2,Conceptual,RN-NL-01,Incorrectly represents a real number on the number line,I applied a property of real numbers without checking its definition.,High,Concept explanation,"Give a concise concept explanation targeting 'Incorrectly represents a real number on the number line', followed by one worked step and a check of the student's reasoning.",Q9-RN-001,Q9-RN-016,unresolved
AT-0169,Q9-RN-004,Maharashtra State Board (SSC),9,Real Numbers,Surds,Simplify surds,Easy,Simplify √72.,√72=√(36×2)=6√2.,I combined square roots by adding their radicands instead of simplifying like surds.,incorrect result,False,False,Step 2,Conceptual,RN-SURD-01,Fails to simplify a surd to simplest form,I combined square roots by adding their radicands instead of simplifying like surds.,High,Concept explanation,"Give a concise concept explanation targeting 'Fails to simplify a surd to simplest form', followed by one worked step and a check of the student's reasoning.",Q9-RN-001,Q9-RN-016,unresolved
AT-0170,Q9-RN-005,Maharashtra State Board (SSC),9,Real Numbers,Surds,Simplify surds,Medium,Simplify √50 + √8.,"√50=5√2 and √8=2√2, so total 7√2.",I combined square roots by adding their radicands instead of simplifying like surds.,incorrect result,False,False,Step 2,Conceptual,RN-SURD-02,Incorrectly combines or operates on like/unlike surds,I combined square roots by adding their radicands instead of simplifying like surds.,High,Concept explanation,"Give a concise concept explanation targeting 'Incorrectly combines or operates on like/unlike surds', followed by one worked step and a check of the student's reasoning.",Q9-RN-001,Q9-RN-016,unresolved
AT-0171,Q9-RN-006,Maharashtra State Board (SSC),9,Real Numbers,Surds,Multiply surds,Easy,Simplify √3 × √12.,√36=6.,I combined square roots by adding their radicands instead of simplifying like surds.,incorrect result,False,False,Step 2,Conceptual,RN-SURD-03,Incorrectly compares or rationalises surds,I combined square roots by adding their radicands instead of simplifying like surds.,High,Concept explanation,"Give a concise concept explanation targeting 'Incorrectly compares or rationalises surds', followed by one worked step and a check of the student's reasoning.",Q9-RN-001,Q9-RN-016,unresolved
AT-0172,Q9-RN-007,Maharashtra State Board (SSC),9,Real Numbers,Surds,Rationalisation,Medium,Rationalise 1/√5.,Multiply numerator and denominator by √5.,I classified the number from its appearance without applying the rational-number definition.,incorrect result,False,False,Step 2,Conceptual,RN-RAT-01,Fails to recognise a terminating/repeating decimal as rational,I classified the number from its appearance without applying the rational-number definition.,High,Concept explanation,"Give a concise concept explanation targeting 'Fails to recognise a terminating/repeating decimal as rational', followed by one worked step and a check of the student's reasoning.",Q9-RN-001,Q9-RN-016,unresolved
AT-0173,Q9-RN-008,Maharashtra State Board (SSC),9,Real Numbers,Surds,Rationalisation,Medium,Rationalise 1/(2+√3).,Multiply numerator and denominator by the conjugate 2-√3; denominator becomes 1.,I classified the number from its appearance without applying the rational-number definition.,incorrect result,False,False,Step 2,Conceptual,RN-RAT-02,Incorrect reasoning about sums involving irrational numbers,I classified the number from its appearance without applying the rational-number definition.,High,Concept explanation,"Give a concise concept explanation targeting 'Incorrect reasoning about sums involving irrational numbers', followed by one worked step and a check of the student's reasoning.",Q9-RN-001,Q9-RN-016,unresolved
AT-0174,Q9-RN-009,Maharashtra State Board (SSC),9,Real Numbers,Absolute value,Evaluate absolute value,Easy,Find |−7|.,Absolute value gives the distance from zero.,|x|=7 gives only x=7 because absolute value is positive.,incorrect result,False,False,Step 2,Conceptual,RN-ABS-01,Misinterprets absolute value as a single positive solution,|x|=7 gives only x=7 because absolute value is positive.,High,Concept explanation,"Give a concise concept explanation targeting 'Misinterprets absolute value as a single positive solution', followed by one worked step and a check of the student's reasoning.",Q9-RN-001,Q9-RN-016,unresolved
AT-0175,Q9-RN-010,Maharashtra State Board (SSC),9,Real Numbers,Laws of exponents,Apply exponent laws,Easy,Simplify 2³ × 2⁴.,"For same base, add exponents: 2³×2⁴=2⁷.",I multiplied the exponents when the bases are the same.,incorrect result,False,False,Step 2,Procedural,RN-EXP-01,Incorrectly combines exponents for multiplication,I multiplied the exponents when the bases are the same.,High,Concept explanation,"Give a concise concept explanation targeting 'Incorrectly combines exponents for multiplication', followed by one worked step and a check of the student's reasoning.",Q9-RN-001,Q9-RN-016,unresolved
AT-0176,Q9-RN-011,Maharashtra State Board (SSC),9,Real Numbers,Laws of exponents,Apply zero exponent,Easy,Evaluate 5⁰.,Any non-zero number raised to zero power equals 1.,I multiplied the exponents when the bases are the same.,incorrect result,False,False,Step 2,Procedural,RN-EXP-02,Incorrectly subtracts exponents for division,I multiplied the exponents when the bases are the same.,High,Concept explanation,"Give a concise concept explanation targeting 'Incorrectly subtracts exponents for division', followed by one worked step and a check of the student's reasoning.",Q9-RN-001,Q9-RN-016,unresolved
AT-0177,Q9-RN-012,Maharashtra State Board (SSC),9,Real Numbers,Euclid division lemma,Apply division lemma,Medium,"Using Euclid's division algorithm, write 37 in the form 5q+r.","q=7 and r=2, with 0≤r<5.","I wrote 37=5×8-3, allowing a negative remainder.",incorrect result,False,False,Step 2,Procedural,RN-EUCLID-01,Incorrectly applies Euclid's division lemma,"I wrote 37=5×8-3, allowing a negative remainder.",High,Concept explanation,"Give a concise concept explanation targeting 'Incorrectly applies Euclid's division lemma', followed by one worked step and a check of the student's reasoning.",Q9-RN-001,Q9-RN-016,unresolved
AT-0178,Q9-RN-013,Maharashtra State Board (SSC),9,Real Numbers,Fundamental theorem of arithmetic,Prime factorisation,Medium,Find the prime factorisation of 180.,180=2×2×3×3×5.,I stopped the factorisation at composite factors.,incorrect result,False,False,Step 2,Procedural,RN-FTA-01,Incorrect prime factorisation,I stopped the factorisation at composite factors.,High,Concept explanation,"Give a concise concept explanation targeting 'Incorrect prime factorisation', followed by one worked step and a check of the student's reasoning.",Q9-RN-001,Q9-RN-016,unresolved
AT-0179,Q9-RN-014,Maharashtra State Board (SSC),9,Real Numbers,HCF and LCM,Find HCF,Medium,Find the HCF of 84 and 126 using prime factorisation.,84=2²×3×7; 126=2×3²×7; common factors give 2×3×7=42.,I selected the largest powers of every prime instead of the common minimum powers.,incorrect result,False,False,Step 2,Procedural,RN-HCF-01,Incorrectly obtains HCF from prime factors,I selected the largest powers of every prime instead of the common minimum powers.,High,Concept explanation,"Give a concise concept explanation targeting 'Incorrectly obtains HCF from prime factors', followed by one worked step and a check of the student's reasoning.",Q9-RN-001,Q9-RN-016,unresolved
AT-0180,Q9-RN-015,Maharashtra State Board (SSC),9,Real Numbers,Reasoning,Rational/irrational reasoning,Medium,Is the sum of two irrational numbers always irrational? Give a counterexample.,The sum of two irrational numbers can be rational.,I applied a property of real numbers without checking its definition.,incorrect result,False,False,Step 2,Conceptual,RN-REASON-01,Uses an invalid argument to classify a real number,I applied a property of real numbers without checking its definition.,High,Concept explanation,"Give a concise concept explanation targeting 'Uses an invalid argument to classify a real number', followed by one worked step and a check of the student's reasoning.",Q9-RN-001,Q9-RN-016,unresolved
AT-0181,Q10-QE-016,Maharashtra State Board (SSC),10,Quadratic Equations,Introduction,Introduction,Easy,Identify whether 3x^2+2x^3-1=0 is quadratic and explain.,"The highest power of x is 3, so the equation is cubic, not quadratic.",I identified the right topic but applied the rule incorrectly in the next step.,incorrect result,False,False,Step 2,Conceptual,QE-CON-01,Misclassifies a non-quadratic equation as quadratic,I identified the right topic but applied the rule incorrectly in the next step.,High,Guided correction,"Revisit the exact step where the learner showed 'Misclassifies a non-quadratic equation as quadratic'. Ask the learner to name the rule being used, then correct only that step before continuing.",Q10-QE-002,Q10-QE-016,unresolved
AT-0182,Q10-QE-017,Maharashtra State Board (SSC),10,Quadratic Equations,Factorisation method,Factorisation method,Easy,Solve x^2-9x+20=0 by factorisation.,"x^2-9x+20=(x-4)(x-5)=0, so x=4 or 5.",I chose factors whose product is the constant but did not check their middle-term sum.,incorrect result,False,False,Step 2,Conceptual,QE-FAC-01,Incorrect factorisation of a quadratic,I chose factors whose product is the constant but did not check their middle-term sum.,High,Guided correction,"Revisit the exact step where the learner showed 'Incorrect factorisation of a quadratic'. Ask the learner to name the rule being used, then correct only that step before continuing.",Q10-QE-001,Q10-QE-016,unresolved
AT-0183,Q10-QE-018,Maharashtra State Board (SSC),10,Quadratic Equations,Factorisation method,Factorisation method,Easy,Solve 2x^2+5x-3=0 by factorisation.,"2x^2+5x-3=(2x-1)(x+3)=0, so x=1/2 or -3.",I chose factors whose product is the constant but did not check their middle-term sum.,incorrect result,False,False,Step 2,Conceptual,QE-FAC-01,Incorrect factorisation of a quadratic,I chose factors whose product is the constant but did not check their middle-term sum.,High,Guided correction,"Revisit the exact step where the learner showed 'Incorrect factorisation of a quadratic'. Ask the learner to name the rule being used, then correct only that step before continuing.",Q10-QE-001,Q10-QE-016,unresolved
AT-0184,Q10-QE-019,Maharashtra State Board (SSC),10,Quadratic Equations,Quadratic formula,Quadratic formula,Medium,Solve x^2+4x-1=0 using the quadratic formula.,x=(-4±√(16+4))/2=(-4±√20)/2=-2±√5.,I substituted b and c but treated -b as b and then divided by 2a incorrectly.,x=-2√5,False,False,Step 2,Formula selection,QE-FORM-01,Incorrect substitution into quadratic formula,I substituted b and c but treated -b as b and then divided by 2a incorrectly.,High,Guided correction,"Revisit the exact step where the learner showed 'Incorrect substitution into quadratic formula'. Ask the learner to name the rule being used, then correct only that step before continuing.",Q10-QE-001,Q10-QE-016,unresolved
AT-0185,Q10-QE-020,Maharashtra State Board (SSC),10,Quadratic Equations,Discriminant,Discriminant,Easy,Find the discriminant of 4x^2+4x+1=0.,D=4^2-4(4)(1)=16-16=0.,I calculated b²+4ac and used its sign to decide the roots.,16,False,False,Step 2,Conceptual,QE-DISC-01,Calculates discriminant incorrectly,I calculated b²+4ac and used its sign to decide the roots.,High,Guided correction,"Revisit the exact step where the learner showed 'Calculates discriminant incorrectly'. Ask the learner to name the rule being used, then correct only that step before continuing.",Q10-QE-001,Q10-QE-016,unresolved
AT-0186,Q10-QE-021,Maharashtra State Board (SSC),10,Quadratic Equations,Nature of roots,Nature of roots,Medium,State the nature of roots of 2x^2+2x+5=0.,"D=2^2-4(2)(5)=4-40=-36<0, so the roots are not real.",I calculated b²+4ac and used its sign to decide the roots.,incorrect result,False,False,Step 2,Conceptual,QE-DISC-02,Misinterprets discriminant sign and nature of roots,I calculated b²+4ac and used its sign to decide the roots.,High,Guided correction,"Revisit the exact step where the learner showed 'Misinterprets discriminant sign and nature of roots'. Ask the learner to name the rule being used, then correct only that step before continuing.",Q10-QE-001,Q10-QE-016,unresolved
AT-0187,Q10-QE-022,Maharashtra State Board (SSC),10,Quadratic Equations,Relation between roots and coefficients,Relation between roots and coefficients,Medium,"If α and β are roots of 2x^2-6x+5=0, find α+β and αβ.",Using α+β=-b/a=6/2=3 and αβ=c/a=5/2.,I used b/a for the sum and c/a for the product.,incorrect result,False,False,Step 2,Conceptual,QE-VIETA-01,Incorrect sum-of-roots relation,I used b/a for the sum and c/a for the product.,High,Guided correction,"Revisit the exact step where the learner showed 'Incorrect sum-of-roots relation'. Ask the learner to name the rule being used, then correct only that step before continuing.",Q10-QE-001,Q10-QE-016,unresolved
AT-0188,Q10-QE-023,Maharashtra State Board (SSC),10,Quadratic Equations,Forming quadratic equation,Forming quadratic equation,Easy,Form the quadratic equation whose roots are 4 and -2.,Equation is x^2-(sum of roots)x+(product)=0 = x^2-2x-8=0.,I used the product as the coefficient of x and the sum as the constant.,incorrect result,False,False,Step 2,Interpretation,QE-TRANS-01,Incorrectly constructs an equation from given roots,I used the product as the coefficient of x and the sum as the constant.,High,Guided correction,"Revisit the exact step where the learner showed 'Incorrectly constructs an equation from given roots'. Ask the learner to name the rule being used, then correct only that step before continuing.",Q10-QE-001,Q10-QE-016,unresolved
AT-0189,Q10-QE-024,Maharashtra State Board (SSC),10,Quadratic Equations,Equations reducible to quadratic form,Equations reducible to quadratic form,Easy,Solve x^4-5x^2+4=0 by putting y=x^2.,"Let y=x^2. Then y^2-5y+4=(y-1)(y-4)=0, so y=1 or 4; hence x=±1,±2.",I identified the right topic but applied the rule incorrectly in the next step.,"x=1,2",False,False,Step 2,Conceptual,QE-RED-01,Fails to substitute and recover roots in a reducible quadratic form,I identified the right topic but applied the rule incorrectly in the next step.,High,Guided correction,"Revisit the exact step where the learner showed 'Fails to substitute and recover roots in a reducible quadratic form'. Ask the learner to name the rule being used, then correct only that step before continuing.",Q10-QE-001,Q10-QE-016,unresolved
AT-0190,Q10-QE-025,Maharashtra State Board (SSC),10,Quadratic Equations,Word problems,Word problems,Easy,The product of two consecutive positive integers is 72. Find the integers.,"Let the integers be x and x+1. x(x+1)=72 gives x^2+x-72=0=(x-8)(x+9), so x=8.",I wrote x(x+1)=72 but then changed the x term to a negative sign.,incorrect result,False,False,Step 2,Interpretation,QE-WORD-01,Incorrect translation of a word problem into a quadratic equation,I wrote x(x+1)=72 but then changed the x term to a negative sign.,High,Guided correction,"Revisit the exact step where the learner showed 'Incorrect translation of a word problem into a quadratic equation'. Ask the learner to name the rule being used, then correct only that step before continuing.",Q10-QE-001,Q10-QE-016,unresolved
AT-0191,Q10-QE-026,Maharashtra State Board (SSC),10,Quadratic Equations,Verification,Verification,Easy,Verify whether x=3 is a root of x^2-7x+12=0.,"Substituting x=3 gives 9-21+12=0, so 3 is a root.",I identified the right topic but applied the rule incorrectly in the next step.,No,False,False,Step 2,Procedural,QE-VERIFY-01,Fails to verify a proposed root by substitution,I identified the right topic but applied the rule incorrectly in the next step.,High,Guided correction,"Revisit the exact step where the learner showed 'Fails to verify a proposed root by substitution'. Ask the learner to name the rule being used, then correct only that step before continuing.",Q10-QE-001,Q10-QE-016,unresolved
AT-0192,Q10-QE-027,Maharashtra State Board (SSC),10,Quadratic Equations,Choose method,Choose method,Easy,"For x^2+10x+2=0, which method is suitable when integer factorisation is not convenient?",Completing the square is introduced in the supplied textbook for this type of equation; the quadratic formula is also a general method.,I identified the right topic but applied the rule incorrectly in the next step.,incorrect result,False,False,Step 2,Conceptual,QE-METHOD-01,Chooses an unsuitable quadratic-solving method,I identified the right topic but applied the rule incorrectly in the next step.,High,Guided correction,"Revisit the exact step where the learner showed 'Chooses an unsuitable quadratic-solving method'. Ask the learner to name the rule being used, then correct only that step before continuing.",Q10-QE-001,Q10-QE-016,unresolved
AT-0193,Q10-QE-028,Maharashtra State Board (SSC),10,Quadratic Equations,Discriminant,Discriminant,Medium,Find k if x^2+kx+16=0 has equal roots.,"Equal roots require k^2-64=0, hence k=±8.",I calculated b²+4ac and used its sign to decide the roots.,k=8,False,False,Step 2,Conceptual,QE-DISC-03,Applies equal-root condition incorrectly,I calculated b²+4ac and used its sign to decide the roots.,High,Guided correction,"Revisit the exact step where the learner showed 'Applies equal-root condition incorrectly'. Ask the learner to name the rule being used, then correct only that step before continuing.",Q10-QE-001,Q10-QE-016,unresolved
AT-0194,Q10-QE-029,Maharashtra State Board (SSC),10,Quadratic Equations,Applications,Applications,Medium,A rectangle has area 48 m² and its length is 2 m more than its breadth. Find its dimensions.,"Let breadth=x, length=x+2. x(x+2)=48 gives x^2+2x-48=0=(x-6)(x+8), so x=6.",I wrote x(x+1)=72 but then changed the x term to a negative sign.,incorrect result,False,False,Step 2,Interpretation,QE-WORD-01,Incorrect translation of a word problem into a quadratic equation,I wrote x(x+1)=72 but then changed the x term to a negative sign.,High,Guided correction,"Revisit the exact step where the learner showed 'Incorrect translation of a word problem into a quadratic equation'. Ask the learner to name the rule being used, then correct only that step before continuing.",Q10-QE-001,Q10-QE-016,unresolved
AT-0195,Q10-QE-030,Maharashtra State Board (SSC),10,Quadratic Equations,Mixed reasoning,Mixed reasoning,Medium,A student factors x^2-6x+8 as (x-2)(x-4)=0 but reports roots 2 and -4. Identify the error.,x-2=0 gives x=2 and x-4=0 gives x=4.,"I got (x-2)(x-4)=0, so x=2 or x=-4.","2,-4",False,False,Step 2,Sign error,QE-SIGN-01,Sign error when extracting roots from factors,"I got (x-2)(x-4)=0, so x=2 or x=-4.",High,Guided correction,"Revisit the exact step where the learner showed 'Sign error when extracting roots from factors'. Ask the learner to name the rule being used, then correct only that step before continuing.",Q10-QE-001,Q10-QE-016,unresolved
AT-0196,Q9-FAC-016,Maharashtra State Board (SSC),9,Algebraic Expressions,Factorisation,Factorisation,Easy,Factorise 6x^2+9x.,Take 3x common: 6x^2+9x=3x(2x+3).,I started expanding instead of taking the visible common factor.,incorrect result,False,False,Step 2,Procedural,FAC-CF-01,Fails to identify a common numerical/algebraic factor,I started expanding instead of taking the visible common factor.,High,Worked example,"Model one short example targeting 'Fails to identify a common numerical/algebraic factor', explicitly checking the factorisation by multiplying the factors back together.",Q9-FAC-002,Q9-FAC-016,unresolved
AT-0197,Q9-FAC-017,Maharashtra State Board (SSC),9,Algebraic Expressions,Factorisation,Factorisation,Easy,Factorise x^2-25.,Use a^2-b^2=(a-b)(a+b).,x²-16=(x-16)(x+16).,incorrect result,False,False,Step 2,Procedural,FAC-ID-01,Misapplies difference-of-squares identity,x²-16=(x-16)(x+16).,High,Worked example,"Model one short example targeting 'Misapplies difference-of-squares identity', explicitly checking the factorisation by multiplying the factors back together.",Q9-FAC-001,Q9-FAC-016,unresolved
AT-0198,Q9-FAC-018,Maharashtra State Board (SSC),9,Algebraic Expressions,Factorisation,Factorisation,Easy,Factorise 4a^2+12a+9.,Use a^2+2ab+b^2=(a+b)^2.,I matched the first and last terms but used the wrong middle coefficient.,(2a+3)^2,True,False,Step 2,Procedural,FAC-ID-02,Misapplies perfect-square identity,I matched the first and last terms but used the wrong middle coefficient.,Medium,Worked example,"Model one short example targeting 'Misapplies perfect-square identity', explicitly checking the factorisation by multiplying the factors back together.",Q9-FAC-001,Q9-FAC-016,improving
AT-0199,Q9-FAC-019,Maharashtra State Board (SSC),9,Algebraic Expressions,Factorisation,Factorisation,Medium,Factorise x^2+7x+12 by splitting the middle term.,Split 7x as 3x+4x: x^2+3x+4x+12=x(x+3)+4(x+3).,I split the middle term into two terms that do not produce the required product.,incorrect result,False,False,Step 2,Procedural,FAC-MT-01,Incorrectly splits the middle term,I split the middle term into two terms that do not produce the required product.,High,Worked example,"Model one short example targeting 'Incorrectly splits the middle term', explicitly checking the factorisation by multiplying the factors back together.",Q9-FAC-001,Q9-FAC-016,unresolved
AT-0200,Q9-FAC-020,Maharashtra State Board (SSC),9,Algebraic Expressions,Factorisation,Factorisation,Easy,Factorise 6x^2-x-2.,Split -x as 3x-4x: 6x^2+3x-4x-2=3x(2x+1)-2(2x+1).,I split the middle term into two terms that do not produce the required product.,incorrect result,False,False,Step 2,Procedural,FAC-MT-02,Chooses middle-term pair with wrong signs,I split the middle term into two terms that do not produce the required product.,High,Worked example,"Model one short example targeting 'Chooses middle-term pair with wrong signs', explicitly checking the factorisation by multiplying the factors back together.",Q9-FAC-001,Q9-FAC-016,unresolved
AT-0201,Q9-FAC-021,Maharashtra State Board (SSC),9,Algebraic Expressions,Factorisation,Factorisation,Medium,Factorise 9p^2-24p+16.,Use a^2-2ab+b^2=(a-b)^2.,I matched the first and last terms but used the wrong middle coefficient.,incorrect result,False,False,Step 2,Procedural,FAC-ID-02,Misapplies perfect-square identity,I matched the first and last terms but used the wrong middle coefficient.,High,Worked example,"Model one short example targeting 'Misapplies perfect-square identity', explicitly checking the factorisation by multiplying the factors back together.",Q9-FAC-001,Q9-FAC-016,unresolved
AT-0202,Q9-FAC-022,Maharashtra State Board (SSC),9,Algebraic Expressions,Factorisation,Factorisation,Medium,Factorise 2x(x-3)+5(x-3).,Take (x-3) common from both terms.,I started expanding instead of taking the visible common factor.,incorrect result,False,False,Step 2,Procedural,FAC-CF-02,Misses a common binomial factor,I started expanding instead of taking the visible common factor.,High,Worked example,"Model one short example targeting 'Misses a common binomial factor', explicitly checking the factorisation by multiplying the factors back together.",Q9-FAC-001,Q9-FAC-016,unresolved
AT-0203,Q9-FAC-023,Maharashtra State Board (SSC),9,Algebraic Expressions,Factorisation,Factorisation,Easy,Factorise (x+2)^2-9.,Difference of squares: (x+2-3)(x+2+3).,x²-16=(x-16)(x+16).,incorrect result,False,False,Step 2,Procedural,FAC-ID-01,Misapplies difference-of-squares identity,x²-16=(x-16)(x+16).,High,Worked example,"Model one short example targeting 'Misapplies difference-of-squares identity', explicitly checking the factorisation by multiplying the factors back together.",Q9-FAC-001,Q9-FAC-016,unresolved
AT-0204,Q9-FAC-024,Maharashtra State Board (SSC),9,Algebraic Expressions,Factorisation,Factorisation,Easy,"If x-2 is a factor of x^2+mx-6, find m.","By factor theorem, p(2)=4+2m-6=0, so m=1.",For x-2 I substituted x=-2 into the polynomial.,incorrect result,False,False,Step 2,Procedural,FAC-FT-01,Misapplies the factor theorem,For x-2 I substituted x=-2 into the polynomial.,High,Worked example,"Model one short example targeting 'Misapplies the factor theorem', explicitly checking the factorisation by multiplying the factors back together.",Q9-FAC-001,Q9-FAC-016,unresolved
AT-0205,Q9-FAC-025,Maharashtra State Board (SSC),9,Algebraic Expressions,Factorisation,Factorisation,Easy,Check whether x+1 is a factor of x^3-2x^2-x+2.,"p(-1)=-1-2+1+2=0, so x+1 is a factor.",I obtained two expressions that looked like factors but did not multiply them back to verify.,No,False,False,Step 2,Procedural,FAC-VERIFY-01,Incorrectly verifies whether an expression is a factor,I obtained two expressions that looked like factors but did not multiply them back to verify.,High,Worked example,"Model one short example targeting 'Incorrectly verifies whether an expression is a factor', explicitly checking the factorisation by multiplying the factors back together.",Q9-FAC-001,Q9-FAC-016,unresolved
AT-0206,Q9-FAC-026,Maharashtra State Board (SSC),9,Algebraic Expressions,Factorisation,Factorisation,Easy,Factorise x^3-4x.,"Take x common, then factorise x^2-4=(x-2)(x+2).",I split the middle term into two terms that do not produce the required product.,incorrect result,False,False,Step 2,Procedural,FAC-MT-03,Combines multiple factorisation steps incorrectly,I split the middle term into two terms that do not produce the required product.,High,Worked example,"Model one short example targeting 'Combines multiple factorisation steps incorrectly', explicitly checking the factorisation by multiplying the factors back together.",Q9-FAC-001,Q9-FAC-016,unresolved
AT-0207,Q9-FAC-027,Maharashtra State Board (SSC),9,Algebraic Expressions,Factorisation,Factorisation,Easy,Factorise 3a^2-12.,"Take 3 common, then factorise a^2-4.",I started expanding instead of taking the visible common factor.,incorrect result,False,False,Step 2,Procedural,FAC-CF-01,Fails to identify a common numerical/algebraic factor,I started expanding instead of taking the visible common factor.,High,Worked example,"Model one short example targeting 'Fails to identify a common numerical/algebraic factor', explicitly checking the factorisation by multiplying the factors back together.",Q9-FAC-002,Q9-FAC-016,unresolved
AT-0208,Q9-FAC-028,Maharashtra State Board (SSC),9,Algebraic Expressions,Factorisation,Factorisation,Medium,A student writes x^2-16=(x-16)(x+16). Find the mistake.,x^2-16=x^2-4^2=(x-4)(x+4).,I obtained two expressions that looked like factors but did not multiply them back to verify.,(x-16)(x+16),False,False,Step 2,Sign error,FAC-SIGN-01,Sign error in factorisation identity,I obtained two expressions that looked like factors but did not multiply them back to verify.,High,Worked example,"Model one short example targeting 'Sign error in factorisation identity', explicitly checking the factorisation by multiplying the factors back together.",Q9-FAC-001,Q9-FAC-016,unresolved
AT-0209,Q9-FAC-029,Maharashtra State Board (SSC),9,Algebraic Expressions,Factorisation,Factorisation,Medium,Factorise y^2-10y+25 and state the identity used.,y^2-10y+25=y^2-2(5)y+25=(y-5)^2.,I matched the first and last terms but used the wrong middle coefficient.,incorrect result,False,False,Step 2,Procedural,FAC-ID-02,Misapplies perfect-square identity,I matched the first and last terms but used the wrong middle coefficient.,High,Worked example,"Model one short example targeting 'Misapplies perfect-square identity', explicitly checking the factorisation by multiplying the factors back together.",Q9-FAC-001,Q9-FAC-016,unresolved
AT-0210,Q9-FAC-030,Maharashtra State Board (SSC),9,Algebraic Expressions,Factorisation,Factorisation,Medium,Factorise 4m^2-12mn+9n^2.,Use a^2-2ab+b^2 with a=2m and b=3n.,I obtained two expressions that looked like factors but did not multiply them back to verify.,incorrect result,False,False,Step 2,Procedural,FAC-ID-03,Incorrectly identifies coefficients in a perfect-square trinomial,I obtained two expressions that looked like factors but did not multiply them back to verify.,High,Worked example,"Model one short example targeting 'Incorrectly identifies coefficients in a perfect-square trinomial', explicitly checking the factorisation by multiplying the factors back together.",Q9-FAC-001,Q9-FAC-016,unresolved
AT-0211,Q10-AP-016,Maharashtra State Board (SSC),10,Arithmetic Progression,Identify an AP,Identify an AP,Easy,"Which sequence is an A.P.: 4, 7, 10, 13, ... or 2, 4, 8, 16, ...? Give reason.",The first sequence has constant difference 3; the second does not have a constant difference.,I subtracted the terms inconsistently and used different differences.,incorrect result,False,False,Step 2,Conceptual,AP-CON-01,Misidentifies whether a sequence is an arithmetic progression,I subtracted the terms inconsistently and used different differences.,High,Diagnostic question,"Use a short diagnostic prompt targeting 'Misidentifies whether a sequence is an arithmetic progression' and require the learner to state whether the task asks for a term, common difference, or sum.",Q10-AP-002,Q10-AP-016,unresolved
AT-0212,Q10-AP-017,Maharashtra State Board (SSC),10,Arithmetic Progression,Find common difference,Find common difference,Easy,"Find the common difference of 18, 13, 8, 3, ... .","d=13-18=-5, and subsequent differences are also -5.",I subtracted the terms inconsistently and used different differences.,incorrect result,False,False,Step 2,Formula selection,AP-D-01,Calculates common difference incorrectly,I subtracted the terms inconsistently and used different differences.,High,Diagnostic question,"Use a short diagnostic prompt targeting 'Calculates common difference incorrectly' and require the learner to state whether the task asks for a term, common difference, or sum.",Q10-AP-001,Q10-AP-016,unresolved
AT-0213,Q10-AP-018,Maharashtra State Board (SSC),10,Arithmetic Progression,Find nth term,Find nth term,Easy,"Find the 15th term of 3, 7, 11, 15, ... .","a=3,d=4; t15=a+14d=59.",I used a+n d instead of a+(n-1)d.,59,True,False,Step 2,Formula selection,AP-NT-01,Confuses term position with term value,I used a+n d instead of a+(n-1)d.,Medium,Diagnostic question,"Use a short diagnostic prompt targeting 'Confuses term position with term value' and require the learner to state whether the task asks for a term, common difference, or sum.",Q10-AP-001,Q10-AP-016,improving
AT-0214,Q10-AP-019,Maharashtra State Board (SSC),10,Arithmetic Progression,Find first term,Find first term,Medium,The 8th term of an A.P. is 29 and d=3. Find the first term.,"29=a+7(3), so a=8.",I used a+n d instead of a+(n-1)d.,incorrect result,False,False,Step 2,Formula selection,AP-NT-02,Finds first term incorrectly from a known term,I used a+n d instead of a+(n-1)d.,High,Diagnostic question,"Use a short diagnostic prompt targeting 'Finds first term incorrectly from a known term' and require the learner to state whether the task asks for a term, common difference, or sum.",Q10-AP-001,Q10-AP-016,unresolved
AT-0215,Q10-AP-020,Maharashtra State Board (SSC),10,Arithmetic Progression,Check term belongs,Check term belongs,Easy,"Is 74 a term of the A.P. 5, 8, 11, 14, ...?","74=5+(n-1)3 gives n=24, a positive integer.",I used a+n d instead of a+(n-1)d.,incorrect result,False,False,Step 2,Formula selection,AP-NT-03,Incorrectly checks whether a number is a term of an A.P.,I used a+n d instead of a+(n-1)d.,High,Diagnostic question,"Use a short diagnostic prompt targeting 'Incorrectly checks whether a number is a term of an A.P.' and require the learner to state whether the task asks for a term, common difference, or sum.",Q10-AP-001,Q10-AP-016,unresolved
AT-0216,Q10-AP-021,Maharashtra State Board (SSC),10,Arithmetic Progression,Find number of terms,Find number of terms,Medium,"How many terms of 7, 12, 17, ... are needed to reach 102?",102=7+(n-1)5 gives n=20.,I used a+n d instead of a+(n-1)d.,incorrect result,False,False,Step 2,Formula selection,AP-NT-04,Calculates number of terms incorrectly,I used a+n d instead of a+(n-1)d.,High,Diagnostic question,"Use a short diagnostic prompt targeting 'Calculates number of terms incorrectly' and require the learner to state whether the task asks for a term, common difference, or sum.",Q10-AP-001,Q10-AP-016,unresolved
AT-0217,Q10-AP-022,Maharashtra State Board (SSC),10,Arithmetic Progression,Insert arithmetic means,Insert arithmetic means,Medium,Insert three arithmetic means between 5 and 21.,"Five terms have d=(21-5)/4=4, giving 5,9,13,17,21.",I used the difference between the endpoints as the inserted mean.,incorrect result,False,False,Step 2,Conceptual,AP-AM-01,Incorrectly inserts arithmetic means,I used the difference between the endpoints as the inserted mean.,High,Diagnostic question,"Use a short diagnostic prompt targeting 'Incorrectly inserts arithmetic means' and require the learner to state whether the task asks for a term, common difference, or sum.",Q10-AP-001,Q10-AP-016,unresolved
AT-0218,Q10-AP-023,Maharashtra State Board (SSC),10,Arithmetic Progression,Arithmetic mean,Arithmetic mean,Easy,Find the arithmetic mean between 14 and 30.,Arithmetic mean=(14+30)/2=22.,I used the difference between the endpoints as the inserted mean.,incorrect result,False,False,Step 2,Conceptual,AP-AM-02,Confuses arithmetic mean with another sequence operation,I used the difference between the endpoints as the inserted mean.,High,Diagnostic question,"Use a short diagnostic prompt targeting 'Confuses arithmetic mean with another sequence operation' and require the learner to state whether the task asks for a term, common difference, or sum.",Q10-AP-001,Q10-AP-016,unresolved
AT-0219,Q10-AP-024,Maharashtra State Board (SSC),10,Arithmetic Progression,Sum of n terms,Sum of n terms,Easy,"Find the sum of the first 20 terms of 2, 5, 8, ... .","a=2,d=3; S20=20/2[2(2)+19(3)]=610.",I calculated the nth term and treated it as the required sum.,incorrect result,False,False,Step 2,Formula selection,AP-SUM-01,Misapplies sum-of-n-terms formula,I calculated the nth term and treated it as the required sum.,High,Diagnostic question,"Use a short diagnostic prompt targeting 'Misapplies sum-of-n-terms formula' and require the learner to state whether the task asks for a term, common difference, or sum.",Q10-AP-001,Q10-AP-016,unresolved
AT-0220,Q10-AP-025,Maharashtra State Board (SSC),10,Arithmetic Progression,Sum from first and last term,Sum from first and last term,Easy,Find the sum of the first 15 terms of an A.P. whose first term is 6 and last term is 48.,S15=15/2(6+48)=405.,I calculated the nth term and treated it as the required sum.,incorrect result,False,False,Step 2,Formula selection,AP-SUM-02,"Confuses last term, nth term, and sum",I calculated the nth term and treated it as the required sum.,High,Diagnostic question,"Use a short diagnostic prompt targeting 'Confuses last term, nth term, and sum' and require the learner to state whether the task asks for a term, common difference, or sum.",Q10-AP-001,Q10-AP-016,unresolved
AT-0221,Q10-AP-026,Maharashtra State Board (SSC),10,Arithmetic Progression,Word problem,Word problem,Easy,A student saves ₹50 in the first week and increases the saving by ₹10 each week. How much is saved in 12 weeks?,"a=50,d=10,n=12; S12=6[100+110]=1260.",I subtracted the terms inconsistently and used different differences.,incorrect result,False,False,Step 2,Interpretation,AP-WORD-01,Incorrectly models an A.P. word problem,I subtracted the terms inconsistently and used different differences.,High,Diagnostic question,"Use a short diagnostic prompt targeting 'Incorrectly models an A.P. word problem' and require the learner to state whether the task asks for a term, common difference, or sum.",Q10-AP-001,Q10-AP-016,unresolved
AT-0222,Q10-AP-027,Maharashtra State Board (SSC),10,Arithmetic Progression,Distinguish nth term and sum,Distinguish nth term and sum,Easy,"For the A.P. 4, 7, 10, ... what does t10 represent and what does S10 represent?","t_n denotes a single term at position n, while S_n denotes the sum of the first n terms.",I calculated the nth term and treated it as the required sum.,incorrect result,False,False,Step 2,Formula selection,AP-SUM-01,Misapplies sum-of-n-terms formula,I calculated the nth term and treated it as the required sum.,High,Diagnostic question,"Use a short diagnostic prompt targeting 'Misapplies sum-of-n-terms formula' and require the learner to state whether the task asks for a term, common difference, or sum.",Q10-AP-001,Q10-AP-016,unresolved
AT-0223,Q10-AP-028,Maharashtra State Board (SSC),10,Arithmetic Progression,Find common difference,Find common difference,Medium,The 5th term of an A.P. is 17 and the 11th term is 35. Find d.,"t11-t5=6d=18, so d=3.",I subtracted the terms inconsistently and used different differences.,incorrect result,False,False,Step 2,Formula selection,AP-D-01,Calculates common difference incorrectly,I subtracted the terms inconsistently and used different differences.,High,Diagnostic question,"Use a short diagnostic prompt targeting 'Calculates common difference incorrectly' and require the learner to state whether the task asks for a term, common difference, or sum.",Q10-AP-001,Q10-AP-016,unresolved
AT-0224,Q10-AP-029,Maharashtra State Board (SSC),10,Arithmetic Progression,Word problem,Word problem,Medium,"The seats in successive rows of an auditorium are 18, 22, 26, ... . How many seats are in the 20th row?","a=18,d=4; t20=18+19(4)=94.",I subtracted the terms inconsistently and used different differences.,incorrect result,False,False,Step 2,Interpretation,AP-WORD-02,Uses the wrong A.P. quantity in an application,I subtracted the terms inconsistently and used different differences.,High,Diagnostic question,"Use a short diagnostic prompt targeting 'Uses the wrong A.P. quantity in an application' and require the learner to state whether the task asks for a term, common difference, or sum.",Q10-AP-001,Q10-AP-016,unresolved
AT-0225,Q10-AP-030,Maharashtra State Board (SSC),10,Arithmetic Progression,Find mistake,Find mistake,Medium,"A student says the sum of the first 10 terms of 3,6,9,... is t10=30. What is wrong?",t10=30. S10=10/2[2(3)+9(3)]=165.,I calculated the nth term and treated it as the required sum.,30,False,False,Step 2,Formula selection,AP-SUM-02,"Confuses last term, nth term, and sum",I calculated the nth term and treated it as the required sum.,High,Diagnostic question,"Use a short diagnostic prompt targeting 'Confuses last term, nth term, and sum' and require the learner to state whether the task asks for a term, common difference, or sum.",Q10-AP-001,Q10-AP-016,unresolved
AT-0226,Q9-RN-016,Maharashtra State Board (SSC),9,Real Numbers,Number classification,Number classification,Easy,Classify 0.125 and √7 as rational or irrational.,"0.125=1/8, while √7 is irrational because 7 is not a perfect square.",I classified the number from its appearance without applying the rational-number definition.,incorrect result,False,False,Step 2,Conceptual,RN-RAT-01,Fails to recognise a terminating/repeating decimal as rational,I classified the number from its appearance without applying the rational-number definition.,High,Concept explanation,"Give a concise concept explanation targeting 'Fails to recognise a terminating/repeating decimal as rational', followed by one worked step and a check of the student's reasoning.",Q9-RN-001,Q9-RN-016,unresolved
AT-0227,Q9-RN-017,Maharashtra State Board (SSC),9,Real Numbers,Reasoning,Reasoning,Easy,Is 3+√5 rational or irrational? Explain.,"If 3+√5 were rational, subtracting rational 3 would make √5 rational, a contradiction.",I classified the number from its appearance without applying the rational-number definition.,incorrect result,False,False,Step 2,Conceptual,RN-RAT-02,Incorrect reasoning about sums involving irrational numbers,I classified the number from its appearance without applying the rational-number definition.,High,Concept explanation,"Give a concise concept explanation targeting 'Incorrect reasoning about sums involving irrational numbers', followed by one worked step and a check of the student's reasoning.",Q9-RN-001,Q9-RN-016,unresolved
AT-0228,Q9-RN-018,Maharashtra State Board (SSC),9,Real Numbers,Surds,Surds,Easy,Simplify √72.,√72=√(36×2)=6√2.,I combined square roots by adding their radicands instead of simplifying like surds.,6√2,True,False,Step 2,Conceptual,RN-SURD-01,Fails to simplify a surd to simplest form,I combined square roots by adding their radicands instead of simplifying like surds.,Medium,Concept explanation,"Give a concise concept explanation targeting 'Fails to simplify a surd to simplest form', followed by one worked step and a check of the student's reasoning.",Q9-RN-001,Q9-RN-016,improving
AT-0229,Q9-RN-019,Maharashtra State Board (SSC),9,Real Numbers,Surds,Surds,Medium,Simplify 3√8-√18.,"3√8=6√2 and √18=3√2, so the result is 3√2.",I combined square roots by adding their radicands instead of simplifying like surds.,incorrect result,False,False,Step 2,Conceptual,RN-SURD-02,Incorrectly combines or operates on like/unlike surds,I combined square roots by adding their radicands instead of simplifying like surds.,High,Concept explanation,"Give a concise concept explanation targeting 'Incorrectly combines or operates on like/unlike surds', followed by one worked step and a check of the student's reasoning.",Q9-RN-001,Q9-RN-016,unresolved
AT-0230,Q9-RN-020,Maharashtra State Board (SSC),9,Real Numbers,Comparison of quadratic surds,Comparison of quadratic surds,Easy,Which is greater: 3√2 or 2√5?,"Both are positive; compare squares: 18 and 20, so 2√5 is greater.",I combined square roots by adding their radicands instead of simplifying like surds.,incorrect result,False,False,Step 2,Conceptual,RN-SURD-03,Incorrectly compares or rationalises surds,I combined square roots by adding their radicands instead of simplifying like surds.,High,Concept explanation,"Give a concise concept explanation targeting 'Incorrectly compares or rationalises surds', followed by one worked step and a check of the student's reasoning.",Q9-RN-001,Q9-RN-016,unresolved
AT-0231,Q9-RN-021,Maharashtra State Board (SSC),9,Real Numbers,Operations on surds,Operations on surds,Medium,Find √6 × √24.,√6×√24=√144=12.,I combined square roots by adding their radicands instead of simplifying like surds.,incorrect result,False,False,Step 2,Conceptual,RN-SURD-01,Fails to simplify a surd to simplest form,I combined square roots by adding their radicands instead of simplifying like surds.,High,Concept explanation,"Give a concise concept explanation targeting 'Fails to simplify a surd to simplest form', followed by one worked step and a check of the student's reasoning.",Q9-RN-001,Q9-RN-016,unresolved
AT-0232,Q9-RN-022,Maharashtra State Board (SSC),9,Real Numbers,Rationalization,Rationalization,Medium,Rationalise the denominator of 3/√5.,Multiply numerator and denominator by √5.,I combined square roots by adding their radicands instead of simplifying like surds.,incorrect result,False,False,Step 2,Conceptual,RN-SURD-03,Incorrectly compares or rationalises surds,I combined square roots by adding their radicands instead of simplifying like surds.,High,Concept explanation,"Give a concise concept explanation targeting 'Incorrectly compares or rationalises surds', followed by one worked step and a check of the student's reasoning.",Q9-RN-001,Q9-RN-016,unresolved
AT-0233,Q9-RN-023,Maharashtra State Board (SSC),9,Real Numbers,Rationalization,Rationalization,Easy,Rationalise 1/(2√3).,Multiply by √3/√3: 1/(2√3)=√3/6.,I combined square roots by adding their radicands instead of simplifying like surds.,incorrect result,False,False,Step 2,Conceptual,RN-SURD-03,Incorrectly compares or rationalises surds,I combined square roots by adding their radicands instead of simplifying like surds.,High,Concept explanation,"Give a concise concept explanation targeting 'Incorrectly compares or rationalises surds', followed by one worked step and a check of the student's reasoning.",Q9-RN-001,Q9-RN-016,unresolved
AT-0234,Q9-RN-024,Maharashtra State Board (SSC),9,Real Numbers,Laws of exponents,Laws of exponents,Easy,Simplify 2^3×2^4.,"For the same base, add exponents: 2^7=128.",I multiplied the exponents when the bases are the same.,incorrect result,False,False,Step 2,Procedural,RN-EXP-01,Incorrectly combines exponents for multiplication,I multiplied the exponents when the bases are the same.,High,Concept explanation,"Give a concise concept explanation targeting 'Incorrectly combines exponents for multiplication', followed by one worked step and a check of the student's reasoning.",Q9-RN-001,Q9-RN-016,unresolved
AT-0235,Q9-RN-025,Maharashtra State Board (SSC),9,Real Numbers,Laws of exponents,Laws of exponents,Easy,Simplify 5^3/5^2.,"For the same non-zero base, subtract exponents: 5^(3-2)=5.",I multiplied the exponents when the bases are the same.,incorrect result,False,False,Step 2,Procedural,RN-EXP-02,Incorrectly subtracts exponents for division,I multiplied the exponents when the bases are the same.,High,Concept explanation,"Give a concise concept explanation targeting 'Incorrectly subtracts exponents for division', followed by one worked step and a check of the student's reasoning.",Q9-RN-001,Q9-RN-016,unresolved
AT-0236,Q9-RN-026,Maharashtra State Board (SSC),9,Real Numbers,Euclid division lemma,Euclid division lemma,Easy,"For a=37 and b=5, write Euclid's division lemma form and identify q and r.",Using a=bq+r with 0≤r<b.,"I wrote 37=5×8-3, allowing a negative remainder.",incorrect result,False,False,Step 2,Procedural,RN-EUCLID-01,Incorrectly applies Euclid's division lemma,"I wrote 37=5×8-3, allowing a negative remainder.",High,Concept explanation,"Give a concise concept explanation targeting 'Incorrectly applies Euclid's division lemma', followed by one worked step and a check of the student's reasoning.",Q9-RN-001,Q9-RN-016,unresolved
AT-0237,Q9-RN-027,Maharashtra State Board (SSC),9,Real Numbers,Fundamental theorem of arithmetic,Fundamental theorem of arithmetic,Easy,Express 180 as a product of primes.,180=18×10=(2×3^2)(2×5)=2^2×3^2×5.,I stopped the factorisation at composite factors.,incorrect result,False,False,Step 2,Procedural,RN-FTA-01,Incorrect prime factorisation,I stopped the factorisation at composite factors.,High,Concept explanation,"Give a concise concept explanation targeting 'Incorrect prime factorisation', followed by one worked step and a check of the student's reasoning.",Q9-RN-001,Q9-RN-016,unresolved
AT-0238,Q9-RN-028,Maharashtra State Board (SSC),9,Real Numbers,HCF and LCM,HCF and LCM,Medium,Find the HCF of 84 and 126 using prime factorisation.,84=2^2×3×7 and 126=2×3^2×7; common minimum powers give 42.,I selected the largest powers of every prime instead of the common minimum powers.,incorrect result,False,False,Step 2,Procedural,RN-HCF-01,Incorrectly obtains HCF from prime factors,I selected the largest powers of every prime instead of the common minimum powers.,High,Concept explanation,"Give a concise concept explanation targeting 'Incorrectly obtains HCF from prime factors', followed by one worked step and a check of the student's reasoning.",Q9-RN-001,Q9-RN-016,unresolved
AT-0239,Q9-RN-029,Maharashtra State Board (SSC),9,Real Numbers,Absolute value,Absolute value,Medium,Solve |x|=7.,A number has absolute value 7 when it is 7 units from zero: x=±7.,|x|=7 gives only x=7 because absolute value is positive.,incorrect result,False,False,Step 2,Conceptual,RN-ABS-01,Misinterprets absolute value as a single positive solution,|x|=7 gives only x=7 because absolute value is positive.,High,Concept explanation,"Give a concise concept explanation targeting 'Misinterprets absolute value as a single positive solution', followed by one worked step and a check of the student's reasoning.",Q9-RN-001,Q9-RN-016,unresolved
AT-0240,Q9-RN-030,Maharashtra State Board (SSC),9,Real Numbers,Mixed reasoning,Mixed reasoning,Medium,A student claims √12=2√3 and then says √12+√3=√15. Identify the misconception.,"After simplifying √12=2√3, combine like surds: 2√3+√3=3√3.",I combined square roots by adding their radicands instead of simplifying like surds.,√15,False,False,Step 2,Conceptual,RN-SURD-02,Incorrectly combines or operates on like/unlike surds,I combined square roots by adding their radicands instead of simplifying like surds.,High,Concept explanation,"Give a concise concept explanation targeting 'Incorrectly combines or operates on like/unlike surds', followed by one worked step and a check of the student's reasoning.",Q9-RN-001,Q9-RN-016,unresolved
AT-0241,Q9-RN-023,Maharashtra State Board (SSC),9,Real Numbers,Rationalization,Rationalization,Easy,Rationalise 1/(2√3).,Multiply by √3/√3: 1/(2√3)=√3/6.,Answer only; no working shown.,,False,,,Insufficient evidence,,,"No intermediate steps are available, so the source of the error cannot be distinguished reliably.",Low,Diagnostic question,Please show the intermediate steps so the system can identify the source of the error.,,,unresolved
AT-0242,Q10-QE-030,Maharashtra State Board (SSC),10,Quadratic Equations,Mixed reasoning,Mixed reasoning,Medium,A student factors x^2-6x+8 as (x-2)(x-4)=0 but reports roots 2 and -4. Identify the error.,x-2=0 gives x=2 and x-4=0 gives x=4.,Answer only; no working shown.,,False,,,Insufficient evidence,,,"No intermediate steps are available, so the source of the error cannot be distinguished reliably.",Low,Diagnostic question,Please show the intermediate steps so the system can identify the source of the error.,,,unresolved
AT-0243,Q9-FAC-020,Maharashtra State Board (SSC),9,Algebraic Expressions,Factorisation,Factorisation,Easy,Factorise 6x^2-x-2.,Split -x as 3x-4x: 6x^2+3x-4x-2=3x(2x+1)-2(2x+1).,Answer only; no working shown.,,False,,,Insufficient evidence,,,"No intermediate steps are available, so the source of the error cannot be distinguished reliably.",Low,Diagnostic question,Please show the intermediate steps so the system can identify the source of the error.,,,unresolved
AT-0244,Q9-FAC-028,Maharashtra State Board (SSC),9,Algebraic Expressions,Factorisation,Factorisation,Medium,A student writes x^2-16=(x-16)(x+16). Find the mistake.,x^2-16=x^2-4^2=(x-4)(x+4).,Answer only; no working shown.,,False,,,Insufficient evidence,,,"No intermediate steps are available, so the source of the error cannot be distinguished reliably.",Low,Diagnostic question,Please show the intermediate steps so the system can identify the source of the error.,,,unresolved
AT-0245,Q10-AP-023,Maharashtra State Board (SSC),10,Arithmetic Progression,Arithmetic mean,Arithmetic mean,Easy,Find the arithmetic mean between 14 and 30.,Arithmetic mean=(14+30)/2=22.,Answer only; no working shown.,,False,,,Insufficient evidence,,,"No intermediate steps are available, so the source of the error cannot be distinguished reliably.",Low,Diagnostic question,Please show the intermediate steps so the system can identify the source of the error.,,,unresolved
AT-0246,Q10-QE-014,Maharashtra State Board (SSC),10,Quadratic Equations,Verification,Verify roots,Easy,Verify that 2 and 3 are roots of x² - 5x + 6 = 0.,Substitution gives 4-10+6=0 and 9-15+6=0.,Answer only; no working shown.,,False,,,Insufficient evidence,,,"No intermediate steps are available, so the source of the error cannot be distinguished reliably.",Low,Diagnostic question,Please show the intermediate steps so the system can identify the source of the error.,,,unresolved
AT-0247,Q10-AP-027,Maharashtra State Board (SSC),10,Arithmetic Progression,Distinguish nth term and sum,Distinguish nth term and sum,Easy,"For the A.P. 4, 7, 10, ... what does t10 represent and what does S10 represent?","t_n denotes a single term at position n, while S_n denotes the sum of the first n terms.",Answer only; no working shown.,,False,,,Insufficient evidence,,,"No intermediate steps are available, so the source of the error cannot be distinguished reliably.",Low,Diagnostic question,Please show the intermediate steps so the system can identify the source of the error.,,,unresolved
AT-0248,Q10-QE-006,Maharashtra State Board (SSC),10,Quadratic Equations,Discriminant,Calculate discriminant,Easy,Find the discriminant of 2x² + 3x - 2 = 0.,D=b²-4ac=9-4(2)(-2)=25.,Answer only; no working shown.,,False,,,Insufficient evidence,,,"No intermediate steps are available, so the source of the error cannot be distinguished reliably.",Low,Diagnostic question,Please show the intermediate steps so the system can identify the source of the error.,,,unresolved
AT-0249,Q9-RN-016,Maharashtra State Board (SSC),9,Real Numbers,Number classification,Number classification,Easy,Classify 0.125 and √7 as rational or irrational.,"0.125=1/8, while √7 is irrational because 7 is not a perfect square.",Answer only; no working shown.,,False,,,Insufficient evidence,,,"No intermediate steps are available, so the source of the error cannot be distinguished reliably.",Low,Diagnostic question,Please show the intermediate steps so the system can identify the source of the error.,,,unresolved
AT-0250,Q9-RN-005,Maharashtra State Board (SSC),9,Real Numbers,Surds,Simplify surds,Medium,Simplify √50 + √8.,"√50=5√2 and √8=2√2, so total 7√2.",Answer only; no working shown.,,False,,,Insufficient evidence,,,"No intermediate steps are available, so the source of the error cannot be distinguished reliably.",Low,Diagnostic question,Please show the intermediate steps so the system can identify the source of the error.,,,unresolved
ATT-251,Q9-FAC-002,Maharashtra State Board,9,Algebraic Expressions,Factorisation,Common factor with variables,Easy,Factorise x² - 12x + 32.,(x - 4)(x - 8),"The factors of 32 are 4 and 8. Since the middle term is -12, I take +4 and +8.",(x + 4)(x + 8),False,False,Incorrect sign selection while checking factor pair.,Sign error,FAC-SIGN-02,Sign error when checking factors,Student selects positive factors even though the middle term is negative.,0.96,Worked example,Review how the signs of the factor pair determine the sign of the middle term.,Q9-FAC-001,Q9-FAC-003,diagnosed
ATT-252,Q9-FAC-013,Maharashtra State Board,9,Algebraic Expressions,Factorisation,Mixed factorisation,Hard,Factorise 3x² - 11x - 4.,(3x + 1)(x - 4),3x² - 11x - 4 = (3x - 1)(x + 4),(3x - 1)(x + 4),False,False,Negative factor is assigned the wrong sign.,Sign error,FAC-SIGN-03,Loses a negative factor while factoring,Student changes the sign of the required negative factor while forming the binomial factors.,0.95,Worked example,Track the negative sign carefully while constructing the two factors.,Q9-FAC-012,Q9-FAC-014,diagnosed
ATT-253,Q10-QE-011,Maharashtra State Board,10,Quadratic Equations,Forming quadratic equation,Form equation from roots,Medium,Form the quadratic equation whose roots are 3 and -10.,x² + 7x - 30 = 0,"(x - 3)(x + 10) = 0, so x² - 7x - 30 = 0",x² - 7x - 30 = 0,False,False,Sign error while expanding the middle terms.,Sign error,QE-SIGN-02,Sign error while rearranging quadratic terms,Student uses the incorrect sign for the combined middle term.,0.95,Guided correction,Revisit the sign pattern when forming a quadratic equation from its roots.,Q10-QE-010,Q10-QE-012,diagnosed
ATT-254,Q10-QE-005,Maharashtra State Board,10,Quadratic Equations,Quadratic formula,Apply formula,Medium,Solve 2x² - 7x + 3 = 0 using the quadratic formula.,"x = 3, 1/2","a = 2, b = -7, c = 3. x = (7 + √25)/4 = 32/4 = 8",8,False,False,Incorrect substitution/calculation in the quadratic formula.,Arithmetic,QE-SUB-01,Substitution/calculation error in formula,Student identifies the coefficients but makes an arithmetic error while substituting and simplifying.,0.97,Guided correction,Revisit the exact substitution step and simplify the discriminant carefully.,Q10-QE-004,Q10-QE-006,diagnosed
